No,Latitude,Longitude,Altitude,Seg
1,33.937823,-84.442610,0.0,1
2,33.937267,-84.441452,0.0,1
3,33.937526,-84.441272,0.0,1
4,33.937611,-84.441067,0.0,1
5,33.937851,-84.440944,0.0,1
6,33.937827,-84.440797,0.0,1
7,33.937974,-84.440423,0.0,1
8,33.938338,-84.440263,0.0,1
9,33.938513,-84.440109,0.0,1
10,33.938559,-84.439964,0.0,1
11,33.938883,-84.439847,0.0,1
12,33.938821,-84.440229,0.0,1
13,33.938937,-84.440273,0.0,1
14,33.939054,-84.440484,0.0,1
15,33.939101,-84.440700,0.0,1
16,33.939252,-84.440516,0.0,1
17,33.939266,-84.440350,0.0,1
18,33.939374,-84.440217,0.0,1
19,33.939480,-84.440143,0.0,1
20,33.939611,-84.439920,0.0,1
21,33.939659,-84.439826,0.0,1
22,33.939752,-84.439780,0.0,1
23,33.939736,-84.439649,0.0,1
24,33.939840,-84.439540,0.0,1
25,33.939899,-84.439318,0.0,1
26,33.939789,-84.439266,0.0,1
27,33.939852,-84.439169,0.0,1
28,33.939906,-84.439033,0.0,1
29,33.940034,-84.438761,0.0,1
30,33.940125,-84.438556,0.0,1
31,33.940362,-84.438156,0.0,1
32,33.940435,-84.437817,0.0,1
33,33.940198,-84.437733,0.0,1
34,33.939971,-84.437619,0.0,1
35,33.939828,-84.437414,0.0,1
36,33.939509,-84.437252,0.0,1
37,33.939273,-84.437206,0.0,1
38,33.939071,-84.437480,0.0,1
39,33.939038,-84.437717,0.0,1
40,33.938902,-84.437968,0.0,1
41,33.938757,-84.437705,0.0,1
42,33.938638,-84.437394,0.0,1
43,33.938414,-84.437394,0.0,1
44,33.938120,-84.437635,0.0,1
45,33.937949,-84.437618,0.0,1
46,33.938148,-84.437048,0.0,1
47,33.938213,-84.436712,0.0,1
48,33.938178,-84.436459,0.0,1
49,33.937880,-84.436099,0.0,1
50,33.937711,-84.436106,0.0,1
51,33.937506,-84.436182,0.0,1
52,33.937329,-84.437063,0.0,1
53,33.937318,-84.437298,0.0,1
54,33.937048,-84.437517,0.0,1
55,33.936881,-84.437807,0.0,1
56,33.936717,-84.438577,0.0,1
57,33.936575,-84.438772,0.0,1
58,33.936298,-84.438923,0.0,1
59,33.936268,-84.439096,0.0,1
60,33.936321,-84.439575,0.0,1
61,33.936193,-84.439830,0.0,1
62,33.936255,-84.440019,0.0,1
63,33.936238,-84.440197,0.0,1
64,33.936375,-84.440368,0.0,1
65,33.936662,-84.440339,0.0,1
66,33.936996,-84.440665,0.0,1
67,33.937203,-84.441299,0.0,1
68,33.937840,-84.442545,0.0,1
69,33.937823,-84.442610,0.0,1
70,33.937267,-84.441452,0.0,1
71,33.937526,-84.441272,0.0,1
72,33.937611,-84.441067,0.0,1
73,33.937851,-84.440944,0.0,1
74,33.937827,-84.440797,0.0,1
75,33.937974,-84.440423,0.0,1
76,33.938338,-84.440263,0.0,1
77,33.938513,-84.440109,0.0,1
78,33.938559,-84.439964,0.0,1
79,33.938883,-84.439847,0.0,1
80,33.938821,-84.440229,0.0,1
81,33.938937,-84.440273,0.0,1
82,33.939054,-84.440484,0.0,1
83,33.939101,-84.440700,0.0,1
84,33.939252,-84.440516,0.0,1
85,33.939266,-84.440350,0.0,1
86,33.939374,-84.440217,0.0,1
87,33.939480,-84.440143,0.0,1
88,33.939611,-84.439920,0.0,1
89,33.939659,-84.439826,0.0,1
90,33.939752,-84.439780,0.0,1
91,33.939736,-84.439649,0.0,1
92,33.939840,-84.439540,0.0,1
93,33.939899,-84.439318,0.0,1
94,33.939789,-84.439266,0.0,1
95,33.939852,-84.439169,0.0,1
96,33.939906,-84.439033,0.0,1
97,33.940034,-84.438761,0.0,1
98,33.940125,-84.438556,0.0,1
99,33.940362,-84.438156,0.0,1
100,33.940435,-84.437817,0.0,1
101,33.940198,-84.437733,0.0,1
102,33.939971,-84.437619,0.0,1
103,33.939828,-84.437414,0.0,1
104,33.939509,-84.437252,0.0,1
105,33.939273,-84.437206,0.0,1
106,33.939071,-84.437480,0.0,1
107,33.939038,-84.437717,0.0,1
108,33.938902,-84.437968,0.0,1
109,33.938757,-84.437705,0.0,1
110,33.938638,-84.437394,0.0,1
111,33.938414,-84.437394,0.0,1
112,33.938120,-84.437635,0.0,1
113,33.937949,-84.437618,0.0,1
114,33.938148,-84.437048,0.0,1
115,33.938213,-84.436712,0.0,1
116,33.938178,-84.436459,0.0,1
117,33.937880,-84.436099,0.0,1
118,33.937711,-84.436106,0.0,1
119,33.937506,-84.436182,0.0,1
120,33.937393,-84.436569,0.0,1
121,33.937283,-84.437134,0.0,1
122,33.937203,-84.437108,0.0,1
123,33.937145,-84.437148,0.0,1
124,33.937112,-84.437072,0.0,1
125,33.937025,-84.437071,0.0,1
126,33.936989,-84.436996,0.0,1
127,33.936923,-84.437086,0.0,1
128,33.936795,-84.437090,0.0,1
129,33.936614,-84.436946,0.0,1
130,33.936697,-84.436821,0.0,1
131,33.936721,-84.436605,0.0,1
132,33.936859,-84.436557,0.0,1
133,33.936745,-84.436383,0.0,1
134,33.936360,-84.436620,0.0,1
135,33.935907,-84.436781,0.0,1
136,33.935757,-84.436644,0.0,1
137,33.935749,-84.436531,0.0,1
138,33.935615,-84.436473,0.0,1
139,33.935465,-84.436590,0.0,1
140,33.935421,-84.436875,0.0,1
141,33.935188,-84.436897,0.0,1
142,33.935042,-84.437106,0.0,1
143,33.934972,-84.437491,0.0,1
144,33.934628,-84.437639,0.0,1
145,33.934594,-84.438049,0.0,1
146,33.934439,-84.438250,0.0,1
147,33.934552,-84.438509,0.0,1
148,33.934686,-84.438721,0.0,1
149,33.934733,-84.439012,0.0,1
150,33.934794,-84.439267,0.0,1
151,33.934996,-84.439627,0.0,1
152,33.935139,-84.439673,0.0,1
153,33.935430,-84.439610,0.0,1
154,33.935684,-84.439210,0.0,1
155,33.935998,-84.438902,0.0,1
156,33.936192,-84.438875,0.0,1
157,33.936298,-84.438923,0.0,1
158,33.936268,-84.439096,0.0,1
159,33.936321,-84.439575,0.0,1
160,33.936193,-84.439830,0.0,1
161,33.936255,-84.440019,0.0,1
162,33.936238,-84.440197,0.0,1
163,33.936375,-84.440368,0.0,1
164,33.936662,-84.440339,0.0,1
165,33.936996,-84.440665,0.0,1
166,33.937203,-84.441299,0.0,1
167,33.937840,-84.442545,0.0,1
168,33.937823,-84.442610,0.0,1
169,33.937267,-84.441452,0.0,1
170,33.937526,-84.441272,0.0,1
171,33.937611,-84.441067,0.0,1
172,33.937851,-84.440944,0.0,1
173,33.937827,-84.440797,0.0,1
174,33.937974,-84.440423,0.0,1
175,33.938338,-84.440263,0.0,1
176,33.938513,-84.440109,0.0,1
177,33.938559,-84.439964,0.0,1
178,33.938883,-84.439847,0.0,1
179,33.938821,-84.440229,0.0,1
180,33.938937,-84.440273,0.0,1
181,33.939054,-84.440484,0.0,1
182,33.939101,-84.440700,0.0,1
183,33.939252,-84.440516,0.0,1
184,33.939266,-84.440350,0.0,1
185,33.939374,-84.440217,0.0,1
186,33.939480,-84.440143,0.0,1
187,33.939611,-84.439920,0.0,1
188,33.939659,-84.439826,0.0,1
189,33.939752,-84.439780,0.0,1
190,33.939736,-84.439649,0.0,1
191,33.939840,-84.439540,0.0,1
192,33.939899,-84.439318,0.0,1
193,33.939789,-84.439266,0.0,1
194,33.939852,-84.439169,0.0,1
195,33.939906,-84.439033,0.0,1
196,33.940034,-84.438761,0.0,1
197,33.940125,-84.438556,0.0,1
198,33.940362,-84.438156,0.0,1
199,33.940435,-84.437817,0.0,1
200,33.940198,-84.437733,0.0,1
201,33.939971,-84.437619,0.0,1
202,33.939828,-84.437414,0.0,1
203,33.939509,-84.437252,0.0,1
204,33.939273,-84.437206,0.0,1
205,33.939071,-84.437480,0.0,1
206,33.939038,-84.437717,0.0,1
207,33.938902,-84.437968,0.0,1
208,33.938757,-84.437705,0.0,1
209,33.938638,-84.437394,0.0,1
210,33.938414,-84.437394,0.0,1
211,33.938120,-84.437635,0.0,1
212,33.937949,-84.437618,0.0,1
213,33.938148,-84.437048,0.0,1
214,33.938213,-84.436712,0.0,1
215,33.938178,-84.436459,0.0,1
216,33.937880,-84.436099,0.0,1
217,33.937711,-84.436106,0.0,1
218,33.937506,-84.436182,0.0,1
219,33.937393,-84.436569,0.0,1
220,33.937283,-84.437134,0.0,1
221,33.937203,-84.437108,0.0,1
222,33.937145,-84.437148,0.0,1
223,33.937112,-84.437072,0.0,1
224,33.937025,-84.437071,0.0,1
225,33.936989,-84.436996,0.0,1
226,33.936923,-84.437086,0.0,1
227,33.936795,-84.437090,0.0,1
228,33.936614,-84.436946,0.0,1
229,33.936697,-84.436821,0.0,1
230,33.936721,-84.436605,0.0,1
231,33.936859,-84.436557,0.0,1
232,33.936745,-84.436383,0.0,1
233,33.936360,-84.436620,0.0,1
234,33.935907,-84.436781,0.0,1
235,33.935757,-84.436644,0.0,1
236,33.935749,-84.436531,0.0,1
237,33.935615,-84.436473,0.0,1
238,33.935465,-84.436590,0.0,1
239,33.935421,-84.436875,0.0,1
240,33.935188,-84.436897,0.0,1
241,33.935042,-84.437106,0.0,1
242,33.934972,-84.437491,0.0,1
243,33.934628,-84.437639,0.0,1
244,33.934594,-84.438049,0.0,1
245,33.934439,-84.438250,0.0,1
246,33.934552,-84.438509,0.0,1
247,33.934686,-84.438721,0.0,1
248,33.934733,-84.439012,0.0,1
249,33.934794,-84.439267,0.0,1
250,33.934996,-84.439627,0.0,1
251,33.934973,-84.439774,0.0,1
252,33.935042,-84.439958,0.0,1
253,33.934962,-84.440019,0.0,1
254,33.935038,-84.440185,0.0,1
255,33.934985,-84.440387,0.0,1
256,33.934806,-84.440640,0.0,1
257,33.934835,-84.440762,0.0,1
258,33.934763,-84.440843,0.0,1
259,33.934674,-84.441202,0.0,1
260,33.934566,-84.441176,0.0,1
261,33.934479,-84.441388,0.0,1
262,33.934607,-84.441626,0.0,1
263,33.934714,-84.441869,0.0,1
264,33.934575,-84.442035,0.0,1
265,33.934347,-84.442074,0.0,1
266,33.934259,-84.442194,0.0,1
267,33.933803,-84.442549,0.0,1
268,33.933655,-84.442754,0.0,1
269,33.933588,-84.442836,0.0,1
270,33.934814,-84.443524,0.0,1
271,33.935196,-84.443486,0.0,1
272,33.935301,-84.443504,0.0,1
273,33.935560,-84.443549,0.0,1
274,33.935475,-84.443679,0.0,1
275,33.935886,-84.444652,0.0,1
276,33.936001,-84.444744,0.0,1
277,33.936014,-84.444943,0.0,1
278,33.936419,-84.445114,0.0,1
279,33.936424,-84.445019,0.0,1
280,33.936636,-84.445027,0.0,1
281,33.936678,-84.444728,0.0,1
282,33.936618,-84.444488,0.0,1
283,33.936673,-84.444249,0.0,1
284,33.936845,-84.444189,0.0,1
285,33.936826,-84.443939,0.0,1
286,33.937043,-84.443594,0.0,1
287,33.937049,-84.443218,0.0,1
288,33.936779,-84.442978,0.0,1
289,33.936564,-84.442658,0.0,1
290,33.936390,-84.442125,0.0,1
291,33.936592,-84.441818,0.0,1
292,33.936764,-84.441597,0.0,1
293,33.936833,-84.441400,0.0,1
294,33.937022,-84.441215,0.0,1
295,33.937216,-84.441233,0.0,1
296,33.937420,-84.441699,0.0,1
297,33.937676,-84.442196,0.0,1
298,33.937851,-84.442527,0.0,1
299,33.937817,-84.442898,0.0,1
300,33.937292,-84.441443,0.0,1
301,33.937179,-84.441182,0.0,1
302,33.937065,-84.440791,0.0,1
303,33.936909,-84.440546,0.0,1
304,33.936651,-84.440328,0.0,1
305,33.936370,-84.440355,0.0,1
306,33.936238,-84.440248,0.0,1
307,33.936209,-84.439811,0.0,1
308,33.936284,-84.439504,0.0,1
309,33.936293,-84.439161,0.0,1
310,33.936309,-84.438900,0.0,1
311,33.936007,-84.438911,0.0,1
312,33.935558,-84.439475,0.0,1
313,33.935025,-84.439613,0.0,1
314,33.934804,-84.439327,0.0,1
315,33.934738,-84.438949,0.0,1
316,33.934523,-84.438437,0.0,1
317,33.934488,-84.438283,0.0,1
318,33.934632,-84.438044,0.0,1
319,33.934665,-84.437635,0.0,1
320,33.934946,-84.437530,0.0,1
321,33.935102,-84.437040,0.0,1
322,33.935418,-84.436864,0.0,1
323,33.935537,-84.436525,0.0,1
324,33.935788,-84.436560,0.0,1
325,33.935928,-84.436808,0.0,1
326,33.936749,-84.436363,0.0,1
327,33.936968,-84.435851,0.0,1
328,33.936839,-84.435113,0.0,1
329,33.936174,-84.435158,0.0,1
330,33.936060,-84.434929,0.0,1
331,33.935257,-84.434467,0.0,1
332,33.934646,-84.434393,0.0,1
333,33.934446,-84.434603,0.0,1
334,33.934319,-84.434552,0.0,1
335,33.934217,-84.433961,0.0,1
336,33.933929,-84.433820,0.0,1
337,33.933655,-84.434014,0.0,1
338,33.933556,-84.434290,0.0,1
339,33.933285,-84.434500,0.0,1
340,33.933316,-84.434786,0.0,1
341,33.933224,-84.434984,0.0,1
342,33.932594,-84.435107,0.0,1
343,33.932406,-84.435034,0.0,1
344,33.932300,-84.435183,0.0,1
345,33.932300,-84.435448,0.0,1
346,33.932163,-84.435683,0.0,1
347,33.931703,-84.435741,0.0,1
348,33.931656,-84.436017,0.0,1
349,33.931253,-84.436037,0.0,1
350,33.930789,-84.436686,0.0,1
351,33.930423,-84.437460,0.0,1
352,33.930329,-84.437966,0.0,1
353,33.929958,-84.438182,0.0,1
354,33.929621,-84.438730,0.0,1
355,33.929575,-84.439174,0.0,1
356,33.929416,-84.439354,0.0,1
357,33.929397,-84.439522,0.0,1
358,33.929031,-84.439985,0.0,1
359,33.928865,-84.440472,0.0,1
360,33.928781,-84.440953,0.0,1
361,33.928757,-84.441298,0.0,1
362,33.928538,-84.441416,0.0,1
363,33.928501,-84.441653,0.0,1
364,33.928129,-84.442018,0.0,1
365,33.928255,-84.442199,0.0,1
366,33.928485,-84.441841,0.0,1
367,33.928484,-84.442167,0.0,1
368,33.928590,-84.442494,0.0,1
369,33.928280,-84.442563,0.0,1
370,33.928198,-84.442845,0.0,1
371,33.928262,-84.443163,0.0,1
372,33.928378,-84.442808,0.0,1
373,33.928642,-84.442705,0.0,1
374,33.928978,-84.443065,0.0,1
375,33.929183,-84.443198,0.0,1
376,33.929421,-84.443100,0.0,1
377,33.929460,-84.442572,0.0,1
378,33.929405,-84.442268,0.0,1
379,33.929301,-84.442066,0.0,1
380,33.929759,-84.441982,0.0,1
381,33.929934,-84.442354,0.0,1
382,33.930231,-84.442577,0.0,1
383,33.930716,-84.442641,0.0,1
384,33.931162,-84.442532,0.0,1
385,33.931708,-84.442706,0.0,1
386,33.931896,-84.442487,0.0,1
387,33.931906,-84.442229,0.0,1
388,33.932056,-84.441979,0.0,1
389,33.932257,-84.441615,0.0,1
390,33.932576,-84.441477,0.0,1
391,33.932776,-84.441413,0.0,1
392,33.932865,-84.441715,0.0,1
393,33.932874,-84.442204,0.0,1
394,33.933331,-84.442890,0.0,1
395,33.933650,-84.442831,0.0,1
396,33.933768,-84.442600,0.0,1
397,33.934404,-84.442058,0.0,1
398,33.934715,-84.441882,0.0,1
399,33.934486,-84.441409,0.0,1
400,33.934712,-84.441152,0.0,1
401,33.934837,-84.440659,0.0,1
402,33.935035,-84.440192,0.0,1
403,33.934954,-84.440020,0.0,1
404,33.935030,-84.439925,0.0,1
405,33.934976,-84.439748,0.0,1
406,33.935066,-84.439653,0.0,1
407,33.935479,-84.439495,0.0,1
408,33.935944,-84.438950,0.0,1
409,33.936241,-84.438887,0.0,1
410,33.936340,-84.439498,0.0,1
411,33.936209,-84.439756,0.0,1
412,33.936309,-84.440283,0.0,1
413,33.936809,-84.440407,0.0,1
414,33.937218,-84.441142,0.0,1
415,33.937869,-84.442856,0.0,1
416,33.937817,-84.442898,0.0,1
417,33.937292,-84.441443,0.0,1
418,33.937861,-84.440941,0.0,1
419,33.937818,-84.440800,0.0,1
420,33.937993,-84.440386,0.0,1
421,33.938471,-84.440130,0.0,1
422,33.938587,-84.439958,0.0,1
423,33.938894,-84.439789,0.0,1
424,33.939125,-84.439221,0.0,1
425,33.939217,-84.438599,0.0,1
426,33.939142,-84.438344,0.0,1
427,33.938875,-84.438453,0.0,1
428,33.938590,-84.438674,0.0,1
429,33.938162,-84.438835,0.0,1
430,33.938605,-84.437403,0.0,1
431,33.938402,-84.437371,0.0,1
432,33.938134,-84.437628,0.0,1
433,33.937972,-84.437592,0.0,1
434,33.938206,-84.436751,0.0,1
435,33.938145,-84.436442,0.0,1
436,33.937937,-84.436155,0.0,1
437,33.937691,-84.436060,0.0,1
438,33.937510,-84.436175,0.0,1
439,33.937323,-84.437063,0.0,1
440,33.937316,-84.437311,0.0,1
441,33.937089,-84.437467,0.0,1
442,33.936897,-84.437782,0.0,1
443,33.936705,-84.438631,0.0,1
444,33.936309,-84.438900,0.0,1
445,33.936007,-84.438911,0.0,1
446,33.935558,-84.439475,0.0,1
447,33.935025,-84.439613,0.0,1
448,33.934804,-84.439327,0.0,1
449,33.934738,-84.438949,0.0,1
450,33.934523,-84.438437,0.0,1
451,33.934488,-84.438283,0.0,1
452,33.934632,-84.438044,0.0,1
453,33.934665,-84.437635,0.0,1
454,33.934946,-84.437530,0.0,1
455,33.935102,-84.437040,0.0,1
456,33.935418,-84.436864,0.0,1
457,33.935537,-84.436525,0.0,1
458,33.935788,-84.436560,0.0,1
459,33.935928,-84.436808,0.0,1
460,33.936749,-84.436363,0.0,1
461,33.936968,-84.435851,0.0,1
462,33.936839,-84.435113,0.0,1
463,33.936174,-84.435158,0.0,1
464,33.936060,-84.434929,0.0,1
465,33.935257,-84.434467,0.0,1
466,33.934646,-84.434393,0.0,1
467,33.934446,-84.434603,0.0,1
468,33.934319,-84.434552,0.0,1
469,33.934217,-84.433961,0.0,1
470,33.933929,-84.433820,0.0,1
471,33.933655,-84.434014,0.0,1
472,33.933556,-84.434290,0.0,1
473,33.933285,-84.434500,0.0,1
474,33.933316,-84.434786,0.0,1
475,33.933224,-84.434984,0.0,1
476,33.932594,-84.435107,0.0,1
477,33.932406,-84.435034,0.0,1
478,33.932300,-84.435183,0.0,1
479,33.932300,-84.435448,0.0,1
480,33.932163,-84.435683,0.0,1
481,33.931703,-84.435741,0.0,1
482,33.931656,-84.436017,0.0,1
483,33.931253,-84.436037,0.0,1
484,33.930789,-84.436686,0.0,1
485,33.930423,-84.437460,0.0,1
486,33.930329,-84.437966,0.0,1
487,33.929958,-84.438182,0.0,1
488,33.929621,-84.438730,0.0,1
489,33.929575,-84.439174,0.0,1
490,33.929416,-84.439354,0.0,1
491,33.929397,-84.439522,0.0,1
492,33.929031,-84.439985,0.0,1
493,33.928865,-84.440472,0.0,1
494,33.928781,-84.440953,0.0,1
495,33.928757,-84.441298,0.0,1
496,33.928538,-84.441416,0.0,1
497,33.928501,-84.441653,0.0,1
498,33.928129,-84.442018,0.0,1
499,33.928255,-84.442199,0.0,1
500,33.928485,-84.441841,0.0,1
501,33.928484,-84.442167,0.0,1
502,33.928590,-84.442494,0.0,1
503,33.928280,-84.442563,0.0,1
504,33.928198,-84.442845,0.0,1
505,33.928262,-84.443163,0.0,1
506,33.928378,-84.442808,0.0,1
507,33.928642,-84.442705,0.0,1
508,33.928978,-84.443065,0.0,1
509,33.929183,-84.443198,0.0,1
510,33.929421,-84.443100,0.0,1
511,33.929460,-84.442572,0.0,1
512,33.929405,-84.442268,0.0,1
513,33.929301,-84.442066,0.0,1
514,33.929759,-84.441982,0.0,1
515,33.929934,-84.442354,0.0,1
516,33.930231,-84.442577,0.0,1
517,33.930716,-84.442641,0.0,1
518,33.931162,-84.442532,0.0,1
519,33.931708,-84.442706,0.0,1
520,33.931896,-84.442487,0.0,1
521,33.931906,-84.442229,0.0,1
522,33.932056,-84.441979,0.0,1
523,33.932257,-84.441615,0.0,1
524,33.932576,-84.441477,0.0,1
525,33.932776,-84.441413,0.0,1
526,33.932865,-84.441715,0.0,1
527,33.932874,-84.442204,0.0,1
528,33.933331,-84.442890,0.0,1
529,33.933650,-84.442831,0.0,1
530,33.933768,-84.442600,0.0,1
531,33.934404,-84.442058,0.0,1
532,33.934715,-84.441882,0.0,1
533,33.934486,-84.441409,0.0,1
534,33.934712,-84.441152,0.0,1
535,33.934837,-84.440659,0.0,1
536,33.935035,-84.440192,0.0,1
537,33.934954,-84.440020,0.0,1
538,33.935030,-84.439925,0.0,1
539,33.934976,-84.439748,0.0,1
540,33.935066,-84.439653,0.0,1
541,33.935479,-84.439495,0.0,1
542,33.935944,-84.438950,0.0,1
543,33.936241,-84.438887,0.0,1
544,33.936340,-84.439498,0.0,1
545,33.936209,-84.439756,0.0,1
546,33.936309,-84.440283,0.0,1
547,33.936809,-84.440407,0.0,1
548,33.937218,-84.441142,0.0,1
549,33.937869,-84.442856,0.0,1
550,33.937813,-84.442580,0.0,1
551,33.937490,-84.441846,0.0,1
552,33.937279,-84.441355,0.0,1
553,33.937041,-84.440681,0.0,1
554,33.936699,-84.440316,0.0,1
555,33.936338,-84.440359,0.0,1
556,33.936262,-84.440185,0.0,1
557,33.936247,-84.439774,0.0,1
558,33.936330,-84.439516,0.0,1
559,33.936298,-84.438933,0.0,1
560,33.936005,-84.438908,0.0,1
561,33.935585,-84.439458,0.0,1
562,33.935096,-84.439686,0.0,1
563,33.934958,-84.439561,0.0,1
564,33.934799,-84.439243,0.0,1
565,33.934725,-84.438841,0.0,1
566,33.934616,-84.438625,0.0,1
567,33.934449,-84.438294,0.0,1
568,33.934616,-84.438054,0.0,1
569,33.934663,-84.437676,0.0,1
570,33.934972,-84.437447,0.0,1
571,33.935069,-84.437084,0.0,1
572,33.935289,-84.436917,0.0,1
573,33.935435,-84.436745,0.0,1
574,33.935518,-84.436522,0.0,1
575,33.935780,-84.436533,0.0,1
576,33.935776,-84.436673,0.0,1
577,33.935943,-84.436745,0.0,1
578,33.936747,-84.436357,0.0,1
579,33.936944,-84.435842,0.0,1
580,33.936790,-84.435092,0.0,1
581,33.936219,-84.435118,0.0,1
582,33.936099,-84.435032,0.0,1
583,33.935653,-84.434638,0.0,1
584,33.935103,-84.434377,0.0,1
585,33.934592,-84.434451,0.0,1
586,33.934446,-84.434647,0.0,1
587,33.934331,-84.434569,0.0,1
588,33.934230,-84.434096,0.0,1
589,33.934130,-84.433899,0.0,1
590,33.933912,-84.433854,0.0,1
591,33.933618,-84.434019,0.0,1
592,33.933589,-84.434297,0.0,1
593,33.933260,-84.434502,0.0,1
594,33.933308,-84.434761,0.0,1
595,33.933235,-84.434942,0.0,1
596,33.932586,-84.435137,0.0,1
597,33.932380,-84.435026,0.0,1
598,33.932275,-84.435357,0.0,1
599,33.932179,-84.435659,0.0,1
600,33.931696,-84.435732,0.0,1
601,33.931652,-84.435895,0.0,1
602,33.931575,-84.436038,0.0,1
603,33.931237,-84.436017,0.0,1
604,33.930865,-84.436608,0.0,1
605,33.930685,-84.437107,0.0,1
606,33.930402,-84.437449,0.0,1
607,33.930343,-84.437997,0.0,1
608,33.929981,-84.438163,0.0,1
609,33.929612,-84.438766,0.0,1
610,33.929591,-84.439169,0.0,1
611,33.929425,-84.439357,0.0,1
612,33.929403,-84.439531,0.0,1
613,33.928930,-84.440324,0.0,1
614,33.928834,-84.440849,0.0,1
615,33.928777,-84.441296,0.0,1
616,33.928551,-84.441372,0.0,1
617,33.928526,-84.441645,0.0,1
618,33.928152,-84.442091,0.0,1
619,33.928169,-84.442197,0.0,1
620,33.928012,-84.442297,0.0,1
621,33.927955,-84.442898,0.0,1
622,33.927772,-84.442663,0.0,1
623,33.927340,-84.443218,0.0,1
624,33.927138,-84.443211,0.0,1
625,33.927110,-84.442838,0.0,1
626,33.926911,-84.443322,0.0,1
627,33.926713,-84.443521,0.0,1
628,33.926532,-84.442996,0.0,1
629,33.926557,-84.442551,0.0,1
630,33.926880,-84.441712,0.0,1
631,33.927048,-84.441286,0.0,1
632,33.926854,-84.441301,0.0,1
633,33.926763,-84.441419,0.0,1
634,33.926744,-84.441599,0.0,1
635,33.926439,-84.441571,0.0,1
636,33.926205,-84.441415,0.0,1
637,33.925932,-84.441784,0.0,1
638,33.925824,-84.441483,0.0,1
639,33.925736,-84.441076,0.0,1
640,33.925537,-84.440974,0.0,1
641,33.925312,-84.441140,0.0,1
642,33.925184,-84.440716,0.0,1
643,33.924887,-84.440255,0.0,1
644,33.924524,-84.439906,0.0,1
645,33.924364,-84.439937,0.0,1
646,33.924374,-84.440127,0.0,1
647,33.924566,-84.440616,0.0,1
648,33.924234,-84.440867,0.0,1
649,33.923947,-84.441007,0.0,1
650,33.923665,-84.440929,0.0,1
651,33.923373,-84.440377,0.0,1
652,33.923192,-84.440303,0.0,1
653,33.922835,-84.440370,0.0,1
654,33.922508,-84.440183,0.0,1
655,33.922523,-84.440021,0.0,1
656,33.922299,-84.439994,0.0,1
657,33.922160,-84.440148,0.0,1
658,33.922499,-84.440533,0.0,1
659,33.922534,-84.440786,0.0,1
660,33.922397,-84.440938,0.0,1
661,33.922103,-84.440833,0.0,1
662,33.921618,-84.440422,0.0,1
663,33.921248,-84.440283,0.0,1
664,33.920882,-84.440527,0.0,1
665,33.920768,-84.440849,0.0,1
666,33.920779,-84.441163,0.0,1
667,33.920570,-84.441391,0.0,1
668,33.920386,-84.441567,0.0,1
669,33.920375,-84.441777,0.0,1
670,33.920568,-84.442210,0.0,1
671,33.921018,-84.442376,0.0,1
672,33.921027,-84.442577,0.0,1
673,33.920649,-84.442616,0.0,1
674,33.920388,-84.442400,0.0,1
675,33.919927,-84.442346,0.0,1
676,33.919773,-84.442691,0.0,1
677,33.920030,-84.443206,0.0,1
678,33.919801,-84.443427,0.0,1
679,33.919642,-84.443713,0.0,1
680,33.919547,-84.443800,0.0,1
681,33.919492,-84.443984,0.0,1
682,33.919697,-84.444203,0.0,1
683,33.919741,-84.444328,0.0,1
684,33.919475,-84.444629,0.0,1
685,33.919484,-84.444981,0.0,1
686,33.919705,-84.445253,0.0,1
687,33.920222,-84.445154,0.0,1
688,33.920423,-84.445337,0.0,1
689,33.920114,-84.445618,0.0,1
690,33.920161,-84.446079,0.0,1
691,33.920297,-84.446165,0.0,1
692,33.920495,-84.446104,0.0,1
693,33.920593,-84.446243,0.0,1
694,33.920525,-84.446387,0.0,1
695,33.920709,-84.446691,0.0,1
696,33.920773,-84.446411,0.0,1
697,33.921011,-84.446180,0.0,1
698,33.921664,-84.446079,0.0,1
699,33.921920,-84.446079,0.0,1
700,33.923260,-84.444484,0.0,1
701,33.923619,-84.444225,0.0,1
702,33.923839,-84.443728,0.0,1
703,33.924114,-84.443519,0.0,1
704,33.924639,-84.443615,0.0,1
705,33.925360,-84.443885,0.0,1
706,33.926070,-84.443787,0.0,1
707,33.926591,-84.443801,0.0,1
708,33.926732,-84.443767,0.0,1
709,33.926788,-84.443447,0.0,1
710,33.926898,-84.443388,0.0,1
711,33.926997,-84.442961,0.0,1
712,33.927164,-84.442852,0.0,1
713,33.927160,-84.443275,0.0,1
714,33.927397,-84.443170,0.0,1
715,33.927746,-84.442752,0.0,1
716,33.927868,-84.442881,0.0,1
717,33.927965,-84.442798,0.0,1
718,33.928057,-84.442324,0.0,1
719,33.928139,-84.442269,0.0,1
720,33.928274,-84.442180,0.0,1
721,33.928380,-84.441930,0.0,1
722,33.928490,-84.441893,0.0,1
723,33.928467,-84.442168,0.0,1
724,33.928572,-84.442476,0.0,1
725,33.928456,-84.442538,0.0,1
726,33.928259,-84.442551,0.0,1
727,33.928236,-84.442800,0.0,1
728,33.928198,-84.443055,0.0,1
729,33.928284,-84.443141,0.0,1
730,33.928341,-84.443003,0.0,1
731,33.928445,-84.442780,0.0,1
732,33.928669,-84.442737,0.0,1
733,33.928912,-84.442951,0.0,1
734,33.929074,-84.443188,0.0,1
735,33.929394,-84.443110,0.0,1
736,33.929386,-84.442658,0.0,1
737,33.929471,-84.442467,0.0,1
738,33.929301,-84.442093,0.0,1
739,33.929625,-84.441934,0.0,1
740,33.929837,-84.442070,0.0,1
741,33.929929,-84.442342,0.0,1
742,33.930237,-84.442554,0.0,1
743,33.930694,-84.442607,0.0,1
744,33.931176,-84.442581,0.0,1
745,33.931704,-84.442703,0.0,1
746,33.931891,-84.442482,0.0,1
747,33.931879,-84.442252,0.0,1
748,33.932058,-84.441974,0.0,1
749,33.932291,-84.441606,0.0,1
750,33.932575,-84.441500,0.0,1
751,33.932707,-84.441365,0.0,1
752,33.932845,-84.441474,0.0,1
753,33.932820,-84.441694,0.0,1
754,33.932891,-84.441858,0.0,1
755,33.932877,-84.442208,0.0,1
756,33.933286,-84.442853,0.0,1
757,33.933631,-84.442884,0.0,1
758,33.933740,-84.442639,0.0,1
759,33.934379,-84.442066,0.0,1
760,33.934718,-84.441891,0.0,1
761,33.934480,-84.441431,0.0,1
762,33.934569,-84.441227,0.0,1
763,33.934706,-84.441139,0.0,1
764,33.934826,-84.440760,0.0,1
765,33.934925,-84.440422,0.0,1
766,33.935068,-84.440142,0.0,1
767,33.934955,-84.439995,0.0,1
768,33.934972,-84.439788,0.0,1
769,33.935068,-84.439608,0.0,1
770,33.935322,-84.439643,0.0,1
771,33.935598,-84.439366,0.0,1
772,33.935924,-84.438994,0.0,1
773,33.936179,-84.438891,0.0,1
774,33.936269,-84.438984,0.0,1
775,33.936265,-84.439185,0.0,1
776,33.936292,-84.439547,0.0,1
777,33.936203,-84.439796,0.0,1
778,33.936273,-84.440289,0.0,1
779,33.936432,-84.440360,0.0,1
780,33.936666,-84.440370,0.0,1
781,33.936971,-84.440612,0.0,1
782,33.937306,-84.441555,0.0,1
783,33.937848,-84.442542,0.0,1
784,33.937829,-84.442771,0.0,1
785,33.937532,-84.441940,0.0,1
786,33.937235,-84.441350,0.0,1
787,33.936986,-84.440631,0.0,1
788,33.936628,-84.440350,0.0,1
789,33.936354,-84.440342,0.0,1
790,33.936250,-84.440173,0.0,1
791,33.936244,-84.439918,0.0,1
792,33.936235,-84.439713,0.0,1
793,33.936308,-84.439562,0.0,1
794,33.936302,-84.438944,0.0,1
795,33.936034,-84.438906,0.0,1
796,33.935517,-84.439498,0.0,1
797,33.935103,-84.439664,0.0,1
798,33.934960,-84.439726,0.0,1
799,33.935025,-84.439926,0.0,1
800,33.934948,-84.440046,0.0,1
801,33.935040,-84.440227,0.0,1
802,33.934810,-84.440685,0.0,1
803,33.934680,-84.441183,0.0,1
804,33.934539,-84.441224,0.0,1
805,33.934472,-84.441440,0.0,1
806,33.934690,-84.441889,0.0,1
807,33.934369,-84.442114,0.0,1
808,33.933734,-84.442649,0.0,1
809,33.933587,-84.442842,0.0,1
810,33.933284,-84.442883,0.0,1
811,33.932915,-84.442328,0.0,1
812,33.932855,-84.441774,0.0,1
813,33.932806,-84.441459,0.0,1
814,33.932594,-84.441426,0.0,1
815,33.932280,-84.441659,0.0,1
816,33.932030,-84.442041,0.0,1
817,33.931864,-84.442275,0.0,1
818,33.931893,-84.442532,0.0,1
819,33.931785,-84.442677,0.0,1
820,33.931656,-84.442688,0.0,1
821,33.931294,-84.442637,0.0,1
822,33.931137,-84.442577,0.0,1
823,33.930720,-84.442656,0.0,1
824,33.930233,-84.442599,0.0,1
825,33.929912,-84.442334,0.0,1
826,33.929796,-84.442040,0.0,1
827,33.929584,-84.441997,0.0,1
828,33.929336,-84.442083,0.0,1
829,33.929503,-84.442435,0.0,1
830,33.929413,-84.442644,0.0,1
831,33.929425,-84.443096,0.0,1
832,33.929061,-84.443202,0.0,1
833,33.928832,-84.442870,0.0,1
834,33.928609,-84.442715,0.0,1
835,33.928365,-84.442871,0.0,1
836,33.928350,-84.443062,0.0,1
837,33.928253,-84.443128,0.0,1
838,33.928163,-84.442954,0.0,1
839,33.928247,-84.442802,0.0,1
840,33.928262,-84.442548,0.0,1
841,33.928437,-84.442524,0.0,1
842,33.928532,-84.442535,0.0,1
843,33.928552,-84.442345,0.0,1
844,33.928449,-84.442167,0.0,1
845,33.928447,-84.441846,0.0,1
846,33.928298,-84.442075,0.0,1
847,33.928217,-84.442257,0.0,1
848,33.928102,-84.442248,0.0,1
849,33.927999,-84.442368,0.0,1
850,33.927980,-84.442616,0.0,1
851,33.927939,-84.442900,0.0,1
852,33.927791,-84.442687,0.0,1
853,33.927591,-84.442887,0.0,1
854,33.927219,-84.443264,0.0,1
855,33.927150,-84.443205,0.0,1
856,33.927112,-84.442816,0.0,1
857,33.926914,-84.443094,0.0,1
858,33.926882,-84.443377,0.0,1
859,33.926723,-84.443561,0.0,1
860,33.926721,-84.443828,0.0,1
861,33.926580,-84.443813,0.0,1
862,33.926108,-84.443760,0.0,1
863,33.925869,-84.443768,0.0,1
864,33.925399,-84.443871,0.0,1
865,33.924993,-84.443719,0.0,1
866,33.924383,-84.443523,0.0,1
867,33.924079,-84.443529,0.0,1
868,33.923850,-84.443757,0.0,1
869,33.923676,-84.444130,0.0,1
870,33.923000,-84.444771,0.0,1
871,33.921773,-84.446209,0.0,1
872,33.921678,-84.446112,0.0,1
873,33.921071,-84.446145,0.0,1
874,33.920804,-84.446384,0.0,1
875,33.920719,-84.446710,0.0,1
876,33.920564,-84.446885,0.0,1
877,33.920287,-84.446850,0.0,1
878,33.920019,-84.446540,0.0,1
879,33.919659,-84.446227,0.0,1
880,33.919424,-84.446020,0.0,1
881,33.919144,-84.445930,0.0,1
882,33.918900,-84.446015,0.0,1
883,33.918595,-84.446165,0.0,1
884,33.918625,-84.446563,0.0,1
885,33.918599,-84.446713,0.0,1
886,33.918820,-84.446916,0.0,1
887,33.918700,-84.447003,0.0,1
888,33.918432,-84.446968,0.0,1
889,33.917951,-84.446572,0.0,1
890,33.917618,-84.446752,0.0,1
891,33.916790,-84.446393,0.0,1
892,33.916431,-84.446460,0.0,1
893,33.916065,-84.446764,0.0,1
894,33.915807,-84.446870,0.0,1
895,33.916243,-84.445981,0.0,1
896,33.916382,-84.445583,0.0,1
897,33.916953,-84.444878,0.0,1
898,33.917407,-84.444279,0.0,1
899,33.918254,-84.443551,0.0,1
900,33.919262,-84.442247,0.0,1
901,33.920082,-84.441039,0.0,1
902,33.920634,-84.440180,0.0,1
903,33.920960,-84.439833,0.0,1
904,33.920612,-84.440313,0.0,1
905,33.920147,-84.440964,0.0,1
906,33.920484,-84.441528,0.0,1
907,33.920606,-84.441861,0.0,1
908,33.920886,-84.441691,0.0,1
909,33.921018,-84.441839,0.0,1
910,33.921127,-84.441707,0.0,1
911,33.921361,-84.441874,0.0,1
912,33.921388,-84.442023,0.0,1
913,33.921509,-84.442328,0.0,1
914,33.921587,-84.442498,0.0,1
915,33.921838,-84.442718,0.0,1
916,33.922189,-84.442957,0.0,1
917,33.922292,-84.443198,0.0,1
918,33.922810,-84.443414,0.0,1
919,33.923092,-84.443329,0.0,1
920,33.923318,-84.443086,0.0,1
921,33.923557,-84.442994,0.0,1
922,33.923602,-84.443103,0.0,1
923,33.923574,-84.443467,0.0,1
924,33.923805,-84.443716,0.0,1
925,33.923972,-84.443531,0.0,1
926,33.924231,-84.443498,0.0,1
927,33.924687,-84.443628,0.0,1
928,33.925244,-84.443777,0.0,1
929,33.925634,-84.443839,0.0,1
930,33.926039,-84.443738,0.0,1
931,33.926650,-84.443784,0.0,1
932,33.926755,-84.443733,0.0,1
933,33.926773,-84.443436,0.0,1
934,33.926890,-84.443300,0.0,1
935,33.926959,-84.442989,0.0,1
936,33.927147,-84.442858,0.0,1
937,33.927127,-84.443295,0.0,1
938,33.927366,-84.443207,0.0,1
939,33.927714,-84.442769,0.0,1
940,33.927808,-84.442773,0.0,1
941,33.927864,-84.442898,0.0,1
942,33.927986,-84.442824,0.0,1
943,33.928026,-84.442269,0.0,1
944,33.928211,-84.442201,0.0,1
945,33.928389,-84.441880,0.0,1
946,33.928488,-84.441956,0.0,1
947,33.928493,-84.442162,0.0,1
948,33.928601,-84.442380,0.0,1
949,33.928571,-84.442516,0.0,1
950,33.928452,-84.442574,0.0,1
951,33.928295,-84.442625,0.0,1
952,33.928288,-84.442820,0.0,1
953,33.928207,-84.442949,0.0,1
954,33.928282,-84.443050,0.0,1
955,33.928337,-84.442812,0.0,1
956,33.928563,-84.442693,0.0,1
957,33.928779,-84.442788,0.0,1
958,33.928962,-84.443038,0.0,1
959,33.929106,-84.443138,0.0,1
960,33.929376,-84.443030,0.0,1
961,33.929350,-84.442649,0.0,1
962,33.929433,-84.442404,0.0,1
963,33.929309,-84.442150,0.0,1
964,33.929385,-84.441986,0.0,1
965,33.929684,-84.441926,0.0,1
966,33.929874,-84.442112,0.0,1
967,33.930000,-84.442420,0.0,1
968,33.930275,-84.442559,0.0,1
969,33.930719,-84.442575,0.0,1
970,33.931139,-84.442541,0.0,1
971,33.931364,-84.442598,0.0,1
972,33.931739,-84.442655,0.0,1
973,33.931836,-84.442507,0.0,1
974,33.931923,-84.442199,0.0,1
975,33.932091,-84.441902,0.0,1
976,33.932206,-84.441646,0.0,1
977,33.932450,-84.441569,0.0,1
978,33.932656,-84.441381,0.0,1
979,33.932825,-84.441402,0.0,1
980,33.932902,-84.441764,0.0,1
981,33.932898,-84.442220,0.0,1
982,33.933151,-84.442694,0.0,1
983,33.933408,-84.442903,0.0,1
984,33.933670,-84.442732,0.0,1
985,33.933975,-84.442425,0.0,1
986,33.934404,-84.442035,0.0,1
987,33.934627,-84.441985,0.0,1
988,33.934679,-84.441791,0.0,1
989,33.934519,-84.441394,0.0,1
990,33.934586,-84.441219,0.0,1
991,33.934729,-84.441102,0.0,1
992,33.934857,-84.440745,0.0,1
993,33.934890,-84.440437,0.0,1
994,33.935047,-84.440173,0.0,1
995,33.934947,-84.439947,0.0,1
996,33.935019,-84.439857,0.0,1
997,33.934998,-84.439668,0.0,1
998,33.935243,-84.439679,0.0,1
999,33.935484,-84.439566,0.0,1
1000,33.935869,-84.439069,0.0,1
1001,33.936146,-84.438819,0.0,1
1002,33.936296,-84.439047,0.0,1
1003,33.936316,-84.439477,0.0,1
1004,33.936239,-84.439811,0.0,1
1005,33.936231,-84.440252,0.0,1
1006,33.936447,-84.440359,0.0,1
1007,33.936792,-84.440411,0.0,1
1008,33.937094,-84.440830,0.0,1
1009,33.937361,-84.441600,0.0,1
1010,33.937628,-84.442013,0.0,1
1011,33.937796,-84.442498,0.0,1
1012,33.937813,-84.442580,0.0,1
1013,33.937490,-84.441846,0.0,1
1014,33.937279,-84.441355,0.0,1
1015,33.937041,-84.440681,0.0,1
1016,33.936699,-84.440316,0.0,1
1017,33.936338,-84.440359,0.0,1
1018,33.936262,-84.440185,0.0,1
1019,33.936247,-84.439774,0.0,1
1020,33.936330,-84.439516,0.0,1
1021,33.936298,-84.438933,0.0,1
1022,33.936005,-84.438908,0.0,1
1023,33.935585,-84.439458,0.0,1
1024,33.935096,-84.439686,0.0,1
1025,33.934958,-84.439561,0.0,1
1026,33.934799,-84.439243,0.0,1
1027,33.934725,-84.438841,0.0,1
1028,33.934616,-84.438625,0.0,1
1029,33.934449,-84.438294,0.0,1
1030,33.934616,-84.438054,0.0,1
1031,33.934663,-84.437676,0.0,1
1032,33.934972,-84.437447,0.0,1
1033,33.935069,-84.437084,0.0,1
1034,33.935289,-84.436917,0.0,1
1035,33.935435,-84.436745,0.0,1
1036,33.935518,-84.436522,0.0,1
1037,33.935780,-84.436533,0.0,1
1038,33.935776,-84.436673,0.0,1
1039,33.935943,-84.436745,0.0,1
1040,33.936747,-84.436357,0.0,1
1041,33.936944,-84.435842,0.0,1
1042,33.936790,-84.435092,0.0,1
1043,33.936219,-84.435118,0.0,1
1044,33.936099,-84.435032,0.0,1
1045,33.935653,-84.434638,0.0,1
1046,33.935103,-84.434377,0.0,1
1047,33.934592,-84.434451,0.0,1
1048,33.934446,-84.434647,0.0,1
1049,33.934331,-84.434569,0.0,1
1050,33.934230,-84.434096,0.0,1
1051,33.934130,-84.433899,0.0,1
1052,33.933912,-84.433854,0.0,1
1053,33.933618,-84.434019,0.0,1
1054,33.933589,-84.434297,0.0,1
1055,33.933260,-84.434502,0.0,1
1056,33.933308,-84.434761,0.0,1
1057,33.933235,-84.434942,0.0,1
1058,33.932586,-84.435137,0.0,1
1059,33.932380,-84.435026,0.0,1
1060,33.932275,-84.435357,0.0,1
1061,33.932179,-84.435659,0.0,1
1062,33.931696,-84.435732,0.0,1
1063,33.931652,-84.435895,0.0,1
1064,33.931575,-84.436038,0.0,1
1065,33.931237,-84.436017,0.0,1
1066,33.930865,-84.436608,0.0,1
1067,33.930685,-84.437107,0.0,1
1068,33.930402,-84.437449,0.0,1
1069,33.930343,-84.437997,0.0,1
1070,33.929981,-84.438163,0.0,1
1071,33.929612,-84.438766,0.0,1
1072,33.929591,-84.439169,0.0,1
1073,33.929425,-84.439357,0.0,1
1074,33.929403,-84.439531,0.0,1
1075,33.928930,-84.440324,0.0,1
1076,33.928834,-84.440849,0.0,1
1077,33.928777,-84.441296,0.0,1
1078,33.928551,-84.441372,0.0,1
1079,33.928526,-84.441645,0.0,1
1080,33.928152,-84.442091,0.0,1
1081,33.928169,-84.442197,0.0,1
1082,33.928012,-84.442297,0.0,1
1083,33.927955,-84.442898,0.0,1
1084,33.927772,-84.442663,0.0,1
1085,33.927340,-84.443218,0.0,1
1086,33.927138,-84.443211,0.0,1
1087,33.927110,-84.442838,0.0,1
1088,33.926911,-84.443322,0.0,1
1089,33.926713,-84.443521,0.0,1
1090,33.926532,-84.442996,0.0,1
1091,33.926557,-84.442551,0.0,1
1092,33.926880,-84.441712,0.0,1
1093,33.927048,-84.441286,0.0,1
1094,33.926854,-84.441301,0.0,1
1095,33.926763,-84.441419,0.0,1
1096,33.926744,-84.441599,0.0,1
1097,33.926439,-84.441571,0.0,1
1098,33.926205,-84.441415,0.0,1
1099,33.925932,-84.441784,0.0,1
1100,33.925824,-84.441483,0.0,1
1101,33.925736,-84.441076,0.0,1
1102,33.925537,-84.440974,0.0,1
1103,33.925312,-84.441140,0.0,1
1104,33.925184,-84.440716,0.0,1
1105,33.924887,-84.440255,0.0,1
1106,33.924524,-84.439906,0.0,1
1107,33.924364,-84.439937,0.0,1
1108,33.924374,-84.440127,0.0,1
1109,33.924566,-84.440616,0.0,1
1110,33.924234,-84.440867,0.0,1
1111,33.923947,-84.441007,0.0,1
1112,33.923665,-84.440929,0.0,1
1113,33.923373,-84.440377,0.0,1
1114,33.923192,-84.440303,0.0,1
1115,33.922835,-84.440370,0.0,1
1116,33.922508,-84.440183,0.0,1
1117,33.922523,-84.440021,0.0,1
1118,33.922299,-84.439994,0.0,1
1119,33.922160,-84.440148,0.0,1
1120,33.922499,-84.440533,0.0,1
1121,33.922534,-84.440786,0.0,1
1122,33.922397,-84.440938,0.0,1
1123,33.922103,-84.440833,0.0,1
1124,33.921618,-84.440422,0.0,1
1125,33.921248,-84.440283,0.0,1
1126,33.920882,-84.440527,0.0,1
1127,33.920768,-84.440849,0.0,1
1128,33.920779,-84.441163,0.0,1
1129,33.920462,-84.441442,0.0,1
1130,33.920213,-84.441162,0.0,1
1131,33.920110,-84.440924,0.0,1
1132,33.920522,-84.440443,0.0,1
1133,33.920802,-84.440062,0.0,1
1134,33.921178,-84.439794,0.0,1
1135,33.920853,-84.439970,0.0,1
1136,33.920548,-84.440334,0.0,1
1137,33.920235,-84.440785,0.0,1
1138,33.919943,-84.441139,0.0,1
1139,33.919248,-84.442258,0.0,1
1140,33.917939,-84.443854,0.0,1
1141,33.917258,-84.444448,0.0,1
1142,33.916703,-84.445156,0.0,1
1143,33.916345,-84.445585,0.0,1
1144,33.915986,-84.446553,0.0,1
1145,33.916422,-84.446383,0.0,1
1146,33.917640,-84.446766,0.0,1
1147,33.917979,-84.446598,0.0,1
1148,33.918532,-84.447023,0.0,1
1149,33.918829,-84.446944,0.0,1
1150,33.918563,-84.446687,0.0,1
1151,33.918612,-84.446401,0.0,1
1152,33.918583,-84.446152,0.0,1
1153,33.919160,-84.445921,0.0,1
1154,33.919455,-84.446018,0.0,1
1155,33.919858,-84.446453,0.0,1
1156,33.920075,-84.446553,0.0,1
1157,33.920261,-84.446894,0.0,1
1158,33.920650,-84.446880,0.0,1
1159,33.920773,-84.446411,0.0,1
1160,33.921011,-84.446180,0.0,1
1161,33.921664,-84.446079,0.0,1
1162,33.921920,-84.446079,0.0,1
1163,33.923260,-84.444484,0.0,1
1164,33.923619,-84.444225,0.0,1
1165,33.923839,-84.443728,0.0,1
1166,33.924114,-84.443519,0.0,1
1167,33.924639,-84.443615,0.0,1
1168,33.925360,-84.443885,0.0,1
1169,33.926070,-84.443787,0.0,1
1170,33.926591,-84.443801,0.0,1
1171,33.926732,-84.443767,0.0,1
1172,33.926788,-84.443447,0.0,1
1173,33.926898,-84.443388,0.0,1
1174,33.926997,-84.442961,0.0,1
1175,33.927164,-84.442852,0.0,1
1176,33.927160,-84.443275,0.0,1
1177,33.927397,-84.443170,0.0,1
1178,33.927746,-84.442752,0.0,1
1179,33.927868,-84.442881,0.0,1
1180,33.927965,-84.442798,0.0,1
1181,33.928057,-84.442324,0.0,1
1182,33.928139,-84.442269,0.0,1
1183,33.928274,-84.442180,0.0,1
1184,33.928380,-84.441930,0.0,1
1185,33.928490,-84.441893,0.0,1
1186,33.928467,-84.442168,0.0,1
1187,33.928572,-84.442476,0.0,1
1188,33.928456,-84.442538,0.0,1
1189,33.928259,-84.442551,0.0,1
1190,33.928236,-84.442800,0.0,1
1191,33.928198,-84.443055,0.0,1
1192,33.928284,-84.443141,0.0,1
1193,33.928341,-84.443003,0.0,1
1194,33.928445,-84.442780,0.0,1
1195,33.928669,-84.442737,0.0,1
1196,33.928912,-84.442951,0.0,1
1197,33.929074,-84.443188,0.0,1
1198,33.929394,-84.443110,0.0,1
1199,33.929386,-84.442658,0.0,1
1200,33.929471,-84.442467,0.0,1
1201,33.929301,-84.442093,0.0,1
1202,33.929625,-84.441934,0.0,1
1203,33.929837,-84.442070,0.0,1
1204,33.929929,-84.442342,0.0,1
1205,33.930237,-84.442554,0.0,1
1206,33.930694,-84.442607,0.0,1
1207,33.931176,-84.442581,0.0,1
1208,33.931704,-84.442703,0.0,1
1209,33.931891,-84.442482,0.0,1
1210,33.931879,-84.442252,0.0,1
1211,33.932058,-84.441974,0.0,1
1212,33.932291,-84.441606,0.0,1
1213,33.932575,-84.441500,0.0,1
1214,33.932707,-84.441365,0.0,1
1215,33.932845,-84.441474,0.0,1
1216,33.932820,-84.441694,0.0,1
1217,33.932891,-84.441858,0.0,1
1218,33.932877,-84.442208,0.0,1
1219,33.933286,-84.442853,0.0,1
1220,33.933631,-84.442884,0.0,1
1221,33.933740,-84.442639,0.0,1
1222,33.934379,-84.442066,0.0,1
1223,33.934718,-84.441891,0.0,1
1224,33.934480,-84.441431,0.0,1
1225,33.934569,-84.441227,0.0,1
1226,33.934706,-84.441139,0.0,1
1227,33.934826,-84.440760,0.0,1
1228,33.934925,-84.440422,0.0,1
1229,33.935068,-84.440142,0.0,1
1230,33.934955,-84.439995,0.0,1
1231,33.934972,-84.439788,0.0,1
1232,33.935068,-84.439608,0.0,1
1233,33.935322,-84.439643,0.0,1
1234,33.935598,-84.439366,0.0,1
1235,33.935924,-84.438994,0.0,1
1236,33.936179,-84.438891,0.0,1
1237,33.936269,-84.438984,0.0,1
1238,33.936265,-84.439185,0.0,1
1239,33.936292,-84.439547,0.0,1
1240,33.936203,-84.439796,0.0,1
1241,33.936273,-84.440289,0.0,1
1242,33.936432,-84.440360,0.0,1
1243,33.936666,-84.440370,0.0,1
1244,33.936971,-84.440612,0.0,1
1245,33.937306,-84.441555,0.0,1
1246,33.937848,-84.442542,0.0,1
1247,33.937813,-84.442580,0.0,1
1248,33.937490,-84.441846,0.0,1
1249,33.937279,-84.441355,0.0,1
1250,33.937041,-84.440681,0.0,1
1251,33.936699,-84.440316,0.0,1
1252,33.936338,-84.440359,0.0,1
1253,33.936262,-84.440185,0.0,1
1254,33.936247,-84.439774,0.0,1
1255,33.936330,-84.439516,0.0,1
1256,33.936298,-84.438933,0.0,1
1257,33.936005,-84.438908,0.0,1
1258,33.935585,-84.439458,0.0,1
1259,33.935096,-84.439686,0.0,1
1260,33.934958,-84.439561,0.0,1
1261,33.934799,-84.439243,0.0,1
1262,33.934725,-84.438841,0.0,1
1263,33.934616,-84.438625,0.0,1
1264,33.934449,-84.438294,0.0,1
1265,33.934616,-84.438054,0.0,1
1266,33.934663,-84.437676,0.0,1
1267,33.934972,-84.437447,0.0,1
1268,33.935069,-84.437084,0.0,1
1269,33.935289,-84.436917,0.0,1
1270,33.935435,-84.436745,0.0,1
1271,33.935518,-84.436522,0.0,1
1272,33.935780,-84.436533,0.0,1
1273,33.935776,-84.436673,0.0,1
1274,33.935943,-84.436745,0.0,1
1275,33.936747,-84.436357,0.0,1
1276,33.936944,-84.435842,0.0,1
1277,33.936790,-84.435092,0.0,1
1278,33.936219,-84.435118,0.0,1
1279,33.936099,-84.435032,0.0,1
1280,33.935653,-84.434638,0.0,1
1281,33.935103,-84.434377,0.0,1
1282,33.934592,-84.434451,0.0,1
1283,33.934446,-84.434647,0.0,1
1284,33.934331,-84.434569,0.0,1
1285,33.934230,-84.434096,0.0,1
1286,33.934130,-84.433899,0.0,1
1287,33.933912,-84.433854,0.0,1
1288,33.933618,-84.434019,0.0,1
1289,33.933589,-84.434297,0.0,1
1290,33.933260,-84.434502,0.0,1
1291,33.933308,-84.434761,0.0,1
1292,33.933235,-84.434942,0.0,1
1293,33.932586,-84.435137,0.0,1
1294,33.932380,-84.435026,0.0,1
1295,33.932275,-84.435357,0.0,1
1296,33.932179,-84.435659,0.0,1
1297,33.931696,-84.435732,0.0,1
1298,33.931652,-84.435895,0.0,1
1299,33.931575,-84.436038,0.0,1
1300,33.931237,-84.436017,0.0,1
1301,33.930865,-84.436608,0.0,1
1302,33.930685,-84.437107,0.0,1
1303,33.930402,-84.437449,0.0,1
1304,33.930343,-84.437997,0.0,1
1305,33.929981,-84.438163,0.0,1
1306,33.929612,-84.438766,0.0,1
1307,33.929591,-84.439169,0.0,1
1308,33.929425,-84.439357,0.0,1
1309,33.929403,-84.439531,0.0,1
1310,33.928930,-84.440324,0.0,1
1311,33.928834,-84.440849,0.0,1
1312,33.928777,-84.441296,0.0,1
1313,33.928551,-84.441372,0.0,1
1314,33.928526,-84.441645,0.0,1
1315,33.928152,-84.442091,0.0,1
1316,33.928169,-84.442197,0.0,1
1317,33.928012,-84.442297,0.0,1
1318,33.927955,-84.442898,0.0,1
1319,33.927772,-84.442663,0.0,1
1320,33.927340,-84.443218,0.0,1
1321,33.927138,-84.443211,0.0,1
1322,33.927110,-84.442838,0.0,1
1323,33.926911,-84.443322,0.0,1
1324,33.926713,-84.443521,0.0,1
1325,33.926532,-84.442996,0.0,1
1326,33.926557,-84.442551,0.0,1
1327,33.926880,-84.441712,0.0,1
1328,33.927048,-84.441286,0.0,1
1329,33.926854,-84.441301,0.0,1
1330,33.926763,-84.441419,0.0,1
1331,33.926744,-84.441599,0.0,1
1332,33.926439,-84.441571,0.0,1
1333,33.926205,-84.441415,0.0,1
1334,33.925932,-84.441784,0.0,1
1335,33.925824,-84.441483,0.0,1
1336,33.925736,-84.441076,0.0,1
1337,33.925537,-84.440974,0.0,1
1338,33.925312,-84.441140,0.0,1
1339,33.925184,-84.440716,0.0,1
1340,33.924887,-84.440255,0.0,1
1341,33.924524,-84.439906,0.0,1
1342,33.924364,-84.439937,0.0,1
1343,33.924374,-84.440127,0.0,1
1344,33.924566,-84.440616,0.0,1
1345,33.924234,-84.440867,0.0,1
1346,33.923947,-84.441007,0.0,1
1347,33.923665,-84.440929,0.0,1
1348,33.923373,-84.440377,0.0,1
1349,33.923192,-84.440303,0.0,1
1350,33.922835,-84.440370,0.0,1
1351,33.922508,-84.440183,0.0,1
1352,33.922523,-84.440021,0.0,1
1353,33.922299,-84.439994,0.0,1
1354,33.922160,-84.440148,0.0,1
1355,33.922499,-84.440533,0.0,1
1356,33.922534,-84.440786,0.0,1
1357,33.922397,-84.440938,0.0,1
1358,33.922103,-84.440833,0.0,1
1359,33.921618,-84.440422,0.0,1
1360,33.921248,-84.440283,0.0,1
1361,33.920882,-84.440527,0.0,1
1362,33.920768,-84.440849,0.0,1
1363,33.920779,-84.441163,0.0,1
1364,33.920462,-84.441442,0.0,1
1365,33.920213,-84.441162,0.0,1
1366,33.920110,-84.440924,0.0,1
1367,33.920522,-84.440443,0.0,1
1368,33.920802,-84.440062,0.0,1
1369,33.921178,-84.439794,0.0,1
1370,33.920853,-84.439970,0.0,1
1371,33.920548,-84.440334,0.0,1
1372,33.920235,-84.440785,0.0,1
1373,33.919943,-84.441139,0.0,1
1374,33.919248,-84.442258,0.0,1
1375,33.917939,-84.443854,0.0,1
1376,33.917258,-84.444448,0.0,1
1377,33.916703,-84.445156,0.0,1
1378,33.916345,-84.445585,0.0,1
1379,33.915746,-84.447021,0.0,1
1380,33.914892,-84.448736,0.0,1
1381,33.916063,-84.448666,0.0,1
1382,33.916633,-84.448628,0.0,1
1383,33.917170,-84.449168,0.0,1
1384,33.917673,-84.450020,0.0,1
1385,33.918767,-84.451485,0.0,1
1386,33.919162,-84.450803,0.0,1
1387,33.919377,-84.450730,0.0,1
1388,33.919295,-84.450388,0.0,1
1389,33.919536,-84.450365,0.0,1
1390,33.919823,-84.450014,0.0,1
1391,33.920427,-84.449773,0.0,1
1392,33.920772,-84.449470,0.0,1
1393,33.920733,-84.449105,0.0,1
1394,33.920854,-84.448914,0.0,1
1395,33.921065,-84.449059,0.0,1
1396,33.921387,-84.447959,0.0,1
1397,33.921546,-84.447698,0.0,1
1398,33.922145,-84.447753,0.0,1
1399,33.922738,-84.447208,0.0,1
1400,33.923009,-84.447514,0.0,1
1401,33.923213,-84.447484,0.0,1
1402,33.923322,-84.447113,0.0,1
1403,33.923715,-84.447032,0.0,1
1404,33.924034,-84.446210,0.0,1
1405,33.924323,-84.446415,0.0,1
1406,33.924486,-84.446310,0.0,1
1407,33.924465,-84.445995,0.0,1
1408,33.924176,-84.445575,0.0,1
1409,33.924111,-84.445265,0.0,1
1410,33.924312,-84.445166,0.0,1
1411,33.924439,-84.444565,0.0,1
1412,33.924626,-84.444393,0.0,1
1413,33.924588,-84.444122,0.0,1
1414,33.924874,-84.444118,0.0,1
1415,33.925068,-84.444959,0.0,1
1416,33.924834,-84.445629,0.0,1
1417,33.925012,-84.445859,0.0,1
1418,33.925525,-84.445561,0.0,1
1419,33.925578,-84.445036,0.0,1
1420,33.925595,-84.444441,0.0,1
1421,33.925766,-84.444233,0.0,1
1422,33.925939,-84.444500,0.0,1
1423,33.926222,-84.444553,0.0,1
1424,33.926512,-84.444289,0.0,1
1425,33.926591,-84.443801,0.0,1
1426,33.926732,-84.443767,0.0,1
1427,33.926788,-84.443447,0.0,1
1428,33.926898,-84.443388,0.0,1
1429,33.926997,-84.442961,0.0,1
1430,33.927164,-84.442852,0.0,1
1431,33.927160,-84.443275,0.0,1
1432,33.927397,-84.443170,0.0,1
1433,33.927746,-84.442752,0.0,1
1434,33.927868,-84.442881,0.0,1
1435,33.927965,-84.442798,0.0,1
1436,33.928057,-84.442324,0.0,1
1437,33.928139,-84.442269,0.0,1
1438,33.928274,-84.442180,0.0,1
1439,33.928380,-84.441930,0.0,1
1440,33.928490,-84.441893,0.0,1
1441,33.928467,-84.442168,0.0,1
1442,33.928572,-84.442476,0.0,1
1443,33.928456,-84.442538,0.0,1
1444,33.928259,-84.442551,0.0,1
1445,33.928236,-84.442800,0.0,1
1446,33.928198,-84.443055,0.0,1
1447,33.928284,-84.443141,0.0,1
1448,33.928341,-84.443003,0.0,1
1449,33.928445,-84.442780,0.0,1
1450,33.928669,-84.442737,0.0,1
1451,33.928912,-84.442951,0.0,1
1452,33.929074,-84.443188,0.0,1
1453,33.929394,-84.443110,0.0,1
1454,33.929386,-84.442658,0.0,1
1455,33.929471,-84.442467,0.0,1
1456,33.929301,-84.442093,0.0,1
1457,33.929625,-84.441934,0.0,1
1458,33.929837,-84.442070,0.0,1
1459,33.929929,-84.442342,0.0,1
1460,33.930237,-84.442554,0.0,1
1461,33.930694,-84.442607,0.0,1
1462,33.931176,-84.442581,0.0,1
1463,33.931704,-84.442703,0.0,1
1464,33.931891,-84.442482,0.0,1
1465,33.931879,-84.442252,0.0,1
1466,33.932058,-84.441974,0.0,1
1467,33.932291,-84.441606,0.0,1
1468,33.932575,-84.441500,0.0,1
1469,33.932707,-84.441365,0.0,1
1470,33.932845,-84.441474,0.0,1
1471,33.932820,-84.441694,0.0,1
1472,33.932891,-84.441858,0.0,1
1473,33.932877,-84.442208,0.0,1
1474,33.933286,-84.442853,0.0,1
1475,33.933631,-84.442884,0.0,1
1476,33.933740,-84.442639,0.0,1
1477,33.934379,-84.442066,0.0,1
1478,33.934718,-84.441891,0.0,1
1479,33.934480,-84.441431,0.0,1
1480,33.934569,-84.441227,0.0,1
1481,33.934706,-84.441139,0.0,1
1482,33.934826,-84.440760,0.0,1
1483,33.934925,-84.440422,0.0,1
1484,33.935068,-84.440142,0.0,1
1485,33.934955,-84.439995,0.0,1
1486,33.934972,-84.439788,0.0,1
1487,33.935068,-84.439608,0.0,1
1488,33.935322,-84.439643,0.0,1
1489,33.935598,-84.439366,0.0,1
1490,33.935924,-84.438994,0.0,1
1491,33.936179,-84.438891,0.0,1
1492,33.936269,-84.438984,0.0,1
1493,33.936265,-84.439185,0.0,1
1494,33.936292,-84.439547,0.0,1
1495,33.936203,-84.439796,0.0,1
1496,33.936273,-84.440289,0.0,1
1497,33.936432,-84.440360,0.0,1
1498,33.936666,-84.440370,0.0,1
1499,33.936971,-84.440612,0.0,1
1500,33.937306,-84.441555,0.0,1
1501,33.937848,-84.442542,0.0,1
1502,33.903104,-84.444713,0.0,
1503,33.904775,-84.445817,0.0,1
1504,33.906018,-84.446937,0.0,1
1505,33.906336,-84.447546,0.0,1
1506,33.907250,-84.448474,0.0,1
1507,33.907963,-84.448757,0.0,1
1508,33.908896,-84.448894,0.0,1
1509,33.909668,-84.448634,0.0,1
1510,33.910268,-84.448551,0.0,1
1511,33.910801,-84.448994,0.0,1
1512,33.911464,-84.449463,0.0,1
1513,33.911640,-84.449804,0.0,1
1514,33.911685,-84.450416,0.0,1
1515,33.911762,-84.450681,0.0,1
1516,33.911957,-84.450694,0.0,1
1517,33.912807,-84.450301,0.0,1
1518,33.913753,-84.449886,0.0,1
1519,33.914287,-84.449380,0.0,1
1520,33.914579,-84.449158,0.0,1
1521,33.915174,-84.448235,0.0,1
1522,33.915680,-84.447200,0.0,1
1523,33.915865,-84.446838,0.0,1
1524,33.916215,-84.446653,0.0,1
1525,33.916404,-84.446407,0.0,1
1526,33.916820,-84.446293,0.0,1
1527,33.917543,-84.446561,0.0,1
1528,33.918222,-84.446683,0.0,1
1529,33.918369,-84.446619,0.0,1
1530,33.918977,-84.446911,0.0,1
1531,33.919023,-84.446725,0.0,1
1532,33.918929,-84.446572,0.0,1
1533,33.918927,-84.446288,0.0,1
1534,33.919003,-84.446115,0.0,1
1535,33.919150,-84.445989,0.0,1
1536,33.919397,-84.445967,0.0,1
1537,33.919664,-84.445993,0.0,1
1538,33.919810,-84.446096,0.0,1
1539,33.920091,-84.446411,0.0,1
1540,33.920299,-84.446510,0.0,1
1541,33.920514,-84.446776,0.0,1
1542,33.920664,-84.446826,0.0,1
1543,33.920955,-84.446748,0.0,1
1544,33.920951,-84.446583,0.0,1
1545,33.921133,-84.446131,0.0,1
1546,33.922064,-84.446054,0.0,1
1547,33.923325,-84.444447,0.0,1
1548,33.923720,-84.444108,0.0,1
1549,33.923883,-84.443595,0.0,1
1550,33.924165,-84.443522,0.0,1
1551,33.925434,-84.443862,0.0,1
1552,33.925956,-84.443756,0.0,1
1553,33.926597,-84.443817,0.0,1
1554,33.926747,-84.443737,0.0,1
1555,33.926606,-84.443259,0.0,1
1556,33.926494,-84.442868,0.0,1
1557,33.926565,-84.442584,0.0,1
1558,33.926886,-84.441788,0.0,1
1559,33.927044,-84.441299,0.0,1
1560,33.926794,-84.441322,0.0,1
1561,33.926736,-84.441594,0.0,1
1562,33.926364,-84.441538,0.0,1
1563,33.926129,-84.441460,0.0,1
1564,33.925892,-84.441781,0.0,1
1565,33.925832,-84.441294,0.0,1
1566,33.925665,-84.441014,0.0,1
1567,33.925292,-84.441125,0.0,1
1568,33.925061,-84.440523,0.0,1
1569,33.924513,-84.439872,0.0,1
1570,33.924349,-84.439935,0.0,1
1571,33.924400,-84.440224,0.0,1
1572,33.924575,-84.440628,0.0,1
1573,33.924074,-84.440983,0.0,1
1574,33.923688,-84.440981,0.0,1
1575,33.923275,-84.440312,0.0,1
1576,33.922742,-84.440354,0.0,1
1577,33.922525,-84.440211,0.0,1
1578,33.922566,-84.440011,0.0,1
1579,33.922262,-84.439971,0.0,1
1580,33.922153,-84.440118,0.0,1
1581,33.922534,-84.440667,0.0,1
1582,33.922445,-84.440929,0.0,1
1583,33.922078,-84.440799,0.0,1
1584,33.921776,-84.440581,0.0,1
1585,33.921220,-84.440269,0.0,1
1586,33.920878,-84.440473,0.0,1
1587,33.920753,-84.440806,0.0,1
1588,33.920793,-84.441163,0.0,1
1589,33.920481,-84.441508,0.0,1
1590,33.920095,-84.440969,0.0,1
1591,33.921036,-84.439792,0.0,1
1592,33.921155,-84.439525,0.0,1
1593,33.920592,-84.439145,0.0,1
1594,33.920242,-84.438922,0.0,1
1595,33.918852,-84.439458,0.0,1
1596,33.918629,-84.439890,0.0,1
1597,33.917843,-84.440480,0.0,1
1598,33.916954,-84.441404,0.0,1
1599,33.916244,-84.442812,0.0,1
1600,33.915778,-84.443343,0.0,1
1601,33.915380,-84.444178,0.0,1
1602,33.914614,-84.444979,0.0,1
1603,33.913943,-84.445539,0.0,1
1604,33.912640,-84.447076,0.0,1
1605,33.912188,-84.447772,0.0,1
1606,33.911599,-84.447995,0.0,1
1607,33.910355,-84.448475,0.0,1
1608,33.909690,-84.448710,0.0,1
1609,33.909005,-84.448904,0.0,1
1610,33.908006,-84.448832,0.0,1
1611,33.907382,-84.448564,0.0,1
1612,33.906341,-84.447447,0.0,1
1613,33.905948,-84.446842,0.0,1
1614,33.904819,-84.445885,0.0,1
1615,33.903296,-84.444868,0.0,1
1616,33.903104,-84.444713,0.0,1
1617,33.904775,-84.445817,0.0,1
1618,33.906018,-84.446937,0.0,1
1619,33.906336,-84.447546,0.0,1
1620,33.907250,-84.448474,0.0,1
1621,33.907963,-84.448757,0.0,1
1622,33.908896,-84.448894,0.0,1
1623,33.909668,-84.448634,0.0,1
1624,33.910268,-84.448551,0.0,1
1625,33.910801,-84.448994,0.0,1
1626,33.911464,-84.449463,0.0,1
1627,33.911640,-84.449804,0.0,1
1628,33.911685,-84.450416,0.0,1
1629,33.911762,-84.450681,0.0,1
1630,33.911957,-84.450694,0.0,1
1631,33.912807,-84.450301,0.0,1
1632,33.913753,-84.449886,0.0,1
1633,33.914287,-84.449380,0.0,1
1634,33.914579,-84.449158,0.0,1
1635,33.914904,-84.448607,0.0,1
1636,33.915089,-84.448703,0.0,1
1637,33.916543,-84.448599,0.0,1
1638,33.916778,-84.448697,0.0,1
1639,33.917148,-84.449113,0.0,1
1640,33.917738,-84.450159,0.0,1
1641,33.918744,-84.451471,0.0,1
1642,33.918910,-84.451344,0.0,1
1643,33.919232,-84.450792,0.0,1
1644,33.919400,-84.450668,0.0,1
1645,33.919324,-84.450374,0.0,1
1646,33.919536,-84.450391,0.0,1
1647,33.919838,-84.450009,0.0,1
1648,33.920482,-84.449765,0.0,1
1649,33.920791,-84.449435,0.0,1
1650,33.920768,-84.449002,0.0,1
1651,33.920911,-84.448940,0.0,1
1652,33.921063,-84.449095,0.0,1
1653,33.921166,-84.448644,0.0,1
1654,33.921260,-84.448177,0.0,1
1655,33.921416,-84.448015,0.0,1
1656,33.921480,-84.447759,0.0,1
1657,33.921680,-84.447776,0.0,1
1658,33.921882,-84.447869,0.0,1
1659,33.922418,-84.447553,0.0,1
1660,33.922705,-84.447255,0.0,1
1661,33.922907,-84.447500,0.0,1
1662,33.923183,-84.447506,0.0,1
1663,33.923335,-84.447136,0.0,1
1664,33.923739,-84.447022,0.0,1
1665,33.924049,-84.446262,0.0,1
1666,33.924284,-84.446456,0.0,1
1667,33.924510,-84.446311,0.0,1
1668,33.924353,-84.445848,0.0,1
1669,33.924175,-84.445551,0.0,1
1670,33.924126,-84.445263,0.0,1
1671,33.924301,-84.445177,0.0,1
1672,33.924446,-84.444565,0.0,1
1673,33.924627,-84.444377,0.0,1
1674,33.924634,-84.444173,0.0,1
1675,33.924844,-84.444071,0.0,1
1676,33.925045,-84.444929,0.0,1
1677,33.924855,-84.445600,0.0,1
1678,33.924980,-84.445870,0.0,1
1679,33.925467,-84.445604,0.0,1
1680,33.925592,-84.445013,0.0,1
1681,33.925578,-84.444496,0.0,1
1682,33.925738,-84.444276,0.0,1
1683,33.925930,-84.444514,0.0,1
1684,33.926246,-84.444557,0.0,1
1685,33.926534,-84.444238,0.0,1
1686,33.926597,-84.443817,0.0,1
1687,33.926747,-84.443737,0.0,1
1688,33.926606,-84.443259,0.0,1
1689,33.926494,-84.442868,0.0,1
1690,33.926565,-84.442584,0.0,1
1691,33.926886,-84.441788,0.0,1
1692,33.927044,-84.441299,0.0,1
1693,33.926794,-84.441322,0.0,1
1694,33.926736,-84.441594,0.0,1
1695,33.926364,-84.441538,0.0,1
1696,33.926129,-84.441460,0.0,1
1697,33.925892,-84.441781,0.0,1
1698,33.925832,-84.441294,0.0,1
1699,33.925665,-84.441014,0.0,1
1700,33.925292,-84.441125,0.0,1
1701,33.925061,-84.440523,0.0,1
1702,33.924513,-84.439872,0.0,1
1703,33.924349,-84.439935,0.0,1
1704,33.924400,-84.440224,0.0,1
1705,33.924575,-84.440628,0.0,1
1706,33.924074,-84.440983,0.0,1
1707,33.923688,-84.440981,0.0,1
1708,33.923275,-84.440312,0.0,1
1709,33.922742,-84.440354,0.0,1
1710,33.922525,-84.440211,0.0,1
1711,33.922566,-84.440011,0.0,1
1712,33.922262,-84.439971,0.0,1
1713,33.922153,-84.440118,0.0,1
1714,33.922534,-84.440667,0.0,1
1715,33.922445,-84.440929,0.0,1
1716,33.922078,-84.440799,0.0,1
1717,33.921776,-84.440581,0.0,1
1718,33.921220,-84.440269,0.0,1
1719,33.920878,-84.440473,0.0,1
1720,33.920753,-84.440806,0.0,1
1721,33.920793,-84.441163,0.0,1
1722,33.920481,-84.441508,0.0,1
1723,33.920095,-84.440969,0.0,1
1724,33.921036,-84.439792,0.0,1
1725,33.921155,-84.439525,0.0,1
1726,33.920592,-84.439145,0.0,1
1727,33.920242,-84.438922,0.0,1
1728,33.918852,-84.439458,0.0,1
1729,33.918629,-84.439890,0.0,1
1730,33.917843,-84.440480,0.0,1
1731,33.916954,-84.441404,0.0,1
1732,33.916244,-84.442812,0.0,1
1733,33.915778,-84.443343,0.0,1
1734,33.915380,-84.444178,0.0,1
1735,33.914614,-84.444979,0.0,1
1736,33.913943,-84.445539,0.0,1
1737,33.912640,-84.447076,0.0,1
1738,33.912188,-84.447772,0.0,1
1739,33.911599,-84.447995,0.0,1
1740,33.910355,-84.448475,0.0,1
1741,33.909690,-84.448710,0.0,1
1742,33.909005,-84.448904,0.0,1
1743,33.908006,-84.448832,0.0,1
1744,33.907382,-84.448564,0.0,1
1745,33.906341,-84.447447,0.0,1
1746,33.905948,-84.446842,0.0,1
1747,33.904819,-84.445885,0.0,1
1748,33.903296,-84.444868,0.0,1
1749,33.903104,-84.444713,0.0,1
1750,33.904775,-84.445817,0.0,1
1751,33.906018,-84.446937,0.0,1
1752,33.906336,-84.447546,0.0,1
1753,33.907250,-84.448474,0.0,1
1754,33.907963,-84.448757,0.0,1
1755,33.908896,-84.448894,0.0,1
1756,33.909668,-84.448634,0.0,1
1757,33.910268,-84.448551,0.0,1
1758,33.910801,-84.448994,0.0,1
1759,33.911464,-84.449463,0.0,1
1760,33.911640,-84.449804,0.0,1
1761,33.911685,-84.450416,0.0,1
1762,33.911762,-84.450681,0.0,1
1763,33.911957,-84.450694,0.0,1
1764,33.912807,-84.450301,0.0,1
1765,33.913753,-84.449886,0.0,1
1766,33.914287,-84.449380,0.0,1
1767,33.914579,-84.449158,0.0,1
1768,33.915174,-84.448235,0.0,1
1769,33.915680,-84.447200,0.0,1
1770,33.915865,-84.446838,0.0,1
1771,33.916215,-84.446653,0.0,1
1772,33.916404,-84.446407,0.0,1
1773,33.916820,-84.446293,0.0,1
1774,33.917543,-84.446561,0.0,1
1775,33.918222,-84.446683,0.0,1
1776,33.918369,-84.446619,0.0,1
1777,33.918977,-84.446911,0.0,1
1778,33.919023,-84.446725,0.0,1
1779,33.918929,-84.446572,0.0,1
1780,33.918927,-84.446288,0.0,1
1781,33.919003,-84.446115,0.0,1
1782,33.919150,-84.445989,0.0,1
1783,33.919397,-84.445967,0.0,1
1784,33.919664,-84.445993,0.0,1
1785,33.919810,-84.446096,0.0,1
1786,33.920091,-84.446411,0.0,1
1787,33.920299,-84.446510,0.0,1
1788,33.920514,-84.446776,0.0,1
1789,33.920664,-84.446826,0.0,1
1790,33.920955,-84.446748,0.0,1
1791,33.920951,-84.446583,0.0,1
1792,33.921133,-84.446131,0.0,1
1793,33.922064,-84.446054,0.0,1
1794,33.923325,-84.444447,0.0,1
1795,33.923720,-84.444108,0.0,1
1796,33.923883,-84.443595,0.0,1
1797,33.924165,-84.443522,0.0,1
1798,33.925434,-84.443862,0.0,1
1799,33.925956,-84.443756,0.0,1
1800,33.926597,-84.443817,0.0,1
1801,33.926747,-84.443737,0.0,1
1802,33.926720,-84.443507,0.0,1
1803,33.926891,-84.443399,0.0,1
1804,33.926999,-84.442974,0.0,1
1805,33.927134,-84.442862,0.0,1
1806,33.927123,-84.443261,0.0,1
1807,33.927426,-84.443177,0.0,1
1808,33.927782,-84.442682,0.0,1
1809,33.927962,-84.442893,0.0,1
1810,33.928011,-84.442312,0.0,1
1811,33.928252,-84.442260,0.0,1
1812,33.928480,-84.441758,0.0,1
1813,33.928457,-84.442159,0.0,1
1814,33.928600,-84.442489,0.0,1
1815,33.928277,-84.442514,0.0,1
1816,33.928192,-84.442875,0.0,1
1817,33.928252,-84.443175,0.0,1
1818,33.928364,-84.442815,0.0,1
1819,33.928669,-84.442707,0.0,1
1820,33.929084,-84.443175,0.0,1
1821,33.929453,-84.443086,0.0,1
1822,33.929377,-84.442689,0.0,1
1823,33.929519,-84.442432,0.0,1
1824,33.929288,-84.442077,0.0,1
1825,33.929474,-84.441936,0.0,1
1826,33.929833,-84.442068,0.0,1
1827,33.929961,-84.442414,0.0,1
1828,33.930298,-84.442572,0.0,1
1829,33.930704,-84.442595,0.0,1
1830,33.931229,-84.442579,0.0,1
1831,33.931752,-84.442680,0.0,1
1832,33.931908,-84.442461,0.0,1
1833,33.931902,-84.442232,0.0,1
1834,33.932175,-84.441734,0.0,1
1835,33.932614,-84.441423,0.0,1
1836,33.932845,-84.441408,0.0,1
1837,33.932860,-84.441706,0.0,1
1838,33.932889,-84.442257,0.0,1
1839,33.933326,-84.442886,0.0,1
1840,33.933653,-84.442830,0.0,1
1841,33.933811,-84.442553,0.0,1
1842,33.934408,-84.442019,0.0,1
1843,33.934773,-84.441870,0.0,1
1844,33.934426,-84.441395,0.0,1
1845,33.934587,-84.441182,0.0,1
1846,33.934826,-84.440959,0.0,1
1847,33.934907,-84.440501,0.0,1
1848,33.935057,-84.440136,0.0,1
1849,33.934980,-84.439934,0.0,1
1850,33.935075,-84.439654,0.0,1
1851,33.935520,-84.439581,0.0,1
1852,33.935966,-84.438897,0.0,1
1853,33.936286,-84.438950,0.0,1
1854,33.936290,-84.439327,0.0,1
1855,33.936326,-84.439576,0.0,1
1856,33.936192,-84.439825,0.0,1
1857,33.936289,-84.440270,0.0,1
1858,33.936790,-84.440331,0.0,1
1859,33.937187,-84.441211,0.0,1
1860,33.937827,-84.442553,0.0,1
1861,33.903564,-84.445058,0.0,1
1862,33.904846,-84.445870,0.0,1
1863,33.905930,-84.446943,0.0,1
1864,33.906499,-84.447635,0.0,1
1865,33.907176,-84.448370,0.0,1
1866,33.908047,-84.448764,0.0,1
1867,33.908932,-84.448957,0.0,1
1868,33.909609,-84.448585,0.0,1
1869,33.910316,-84.448508,0.0,1
1870,33.910911,-84.448249,0.0,1
1871,33.911674,-84.448054,0.0,1
1872,33.912244,-84.447760,0.0,1
1873,33.912803,-84.446841,0.0,1
1874,33.913658,-84.445834,0.0,1
1875,33.914483,-84.445099,0.0,1
1876,33.915025,-84.444559,0.0,1
1877,33.915416,-84.444118,0.0,1
1878,33.915756,-84.443353,0.0,1
1879,33.916208,-84.442789,0.0,1
1880,33.916867,-84.441558,0.0,1
1881,33.917607,-84.440681,0.0,1
1882,33.918389,-84.440047,0.0,1
1883,33.918824,-84.439530,0.0,1
1884,33.919326,-84.439253,0.0,1
1885,33.920220,-84.438930,0.0,1
1886,33.920628,-84.439141,0.0,1
1887,33.921192,-84.439568,0.0,1
1888,33.921930,-84.439012,0.0,1
1889,33.923261,-84.437953,0.0,1
1890,33.923752,-84.437379,0.0,1
1891,33.923980,-84.437040,0.0,1
1892,33.924152,-84.436659,0.0,1
1893,33.924494,-84.435817,0.0,1
1894,33.924700,-84.435003,0.0,1
1895,33.924874,-84.434201,0.0,1
1896,33.925222,-84.432691,0.0,1
1897,33.925505,-84.431884,0.0,1
1898,33.925970,-84.431087,0.0,1
1899,33.926516,-84.430295,0.0,1
1900,33.926706,-84.430040,0.0,1
1901,33.927309,-84.429026,0.0,1
1902,33.927696,-84.428506,0.0,1
1903,33.928016,-84.427904,0.0,1
1904,33.928410,-84.427037,0.0,1
1905,33.928878,-84.426413,0.0,1
1906,33.929297,-84.425693,0.0,1
1907,33.929847,-84.424418,0.0,1
1908,33.930024,-84.424095,0.0,1
1909,33.930843,-84.422773,0.0,1
1910,33.931397,-84.421873,0.0,1
1911,33.931863,-84.420927,0.0,1
1912,33.932169,-84.420307,0.0,1
1913,33.932644,-84.419619,0.0,1
1914,33.933251,-84.418994,0.0,1
1915,33.933861,-84.418522,0.0,1
1916,33.934556,-84.417915,0.0,1
1917,33.934515,-84.417844,0.0,1
1918,33.933788,-84.418418,0.0,1
1919,33.933114,-84.418941,0.0,1
1920,33.932590,-84.419518,0.0,1
1921,33.932158,-84.420082,0.0,1
1922,33.931554,-84.421283,0.0,1
1923,33.930960,-84.422340,0.0,1
1924,33.930304,-84.423427,0.0,1
1925,33.929920,-84.424076,0.0,1
1926,33.929209,-84.425585,0.0,1
1927,33.928790,-84.426393,0.0,1
1928,33.928320,-84.426967,0.0,1
1929,33.927753,-84.428156,0.0,1
1930,33.926786,-84.429550,0.0,1
1931,33.926609,-84.429949,0.0,1
1932,33.926046,-84.430727,0.0,1
1933,33.925607,-84.431450,0.0,1
1934,33.925123,-84.432684,0.0,1
1935,33.924697,-84.434493,0.0,1
1936,33.924384,-84.435760,0.0,1
1937,33.923954,-84.436780,0.0,1
1938,33.923251,-84.437849,0.0,1
1939,33.921932,-84.438858,0.0,1
1940,33.921710,-84.439175,0.0,1
1941,33.921121,-84.439498,0.0,1
1942,33.920585,-84.439088,0.0,1
1943,33.920266,-84.438864,0.0,1
1944,33.919454,-84.439196,0.0,1
1945,33.918934,-84.439429,0.0,1
1946,33.918698,-84.439729,0.0,1
1947,33.918566,-84.439901,0.0,1
1948,33.917828,-84.440474,0.0,1
1949,33.917203,-84.441160,0.0,1
1950,33.916849,-84.441599,0.0,1
1951,33.916324,-84.442619,0.0,1
1952,33.916018,-84.443041,0.0,1
1953,33.915690,-84.443440,0.0,1
1954,33.915376,-84.444127,0.0,1
1955,33.914839,-84.444790,0.0,1
1956,33.914042,-84.445452,0.0,1
1957,33.913098,-84.446484,0.0,1
1958,33.912647,-84.447115,0.0,1
1959,33.912084,-84.447842,0.0,1
1960,33.911222,-84.448131,0.0,1
1961,33.910428,-84.448457,0.0,1
1962,33.909730,-84.448594,0.0,1
1963,33.909135,-84.448930,0.0,1
1964,33.908145,-84.448826,0.0,1
1965,33.907551,-84.448572,0.0,1
1966,33.907042,-84.448202,0.0,1
1967,33.906352,-84.447416,0.0,1
1968,33.905213,-84.446156,0.0,1
1969,33.903978,-84.445288,0.0,1
1970,33.903023,-84.444692,0.0,1
1971,33.904727,-84.445874,0.0,1
1972,33.906001,-84.446924,0.0,1
1973,33.906406,-84.447625,0.0,1
1974,33.907111,-84.448382,0.0,1
1975,33.908093,-84.448847,0.0,1
1976,33.908907,-84.448936,0.0,1
1977,33.910027,-84.448561,0.0,1
1978,33.910788,-84.448341,0.0,1
1979,33.912182,-84.447748,0.0,1
1980,33.912632,-84.447084,0.0,1
1981,33.913073,-84.447373,0.0,1
1982,33.913445,-84.447484,0.0,1
1983,33.914865,-84.448619,0.0,1
1984,33.914459,-84.449261,0.0,1
1985,33.914112,-84.449503,0.0,1
1986,33.913795,-84.449814,0.0,1
1987,33.913003,-84.450198,0.0,1
1988,33.912349,-84.450566,0.0,1
1989,33.911888,-84.450696,0.0,1
1990,33.911739,-84.450648,0.0,1
1991,33.911683,-84.450454,0.0,1
1992,33.911641,-84.449878,0.0,1
1993,33.911539,-84.449635,0.0,1
1994,33.911267,-84.449333,0.0,1
1995,33.910862,-84.449080,0.0,1
1996,33.910591,-84.448759,0.0,1
1997,33.910334,-84.448617,0.0,1
1998,33.910336,-84.448473,0.0,1
1999,33.911017,-84.448257,0.0,1
2000,33.911847,-84.447954,0.0,1
2001,33.912290,-84.447629,0.0,1
2002,33.912818,-84.446820,0.0,1
2003,33.913536,-84.445984,0.0,1
2004,33.913967,-84.445496,0.0,1
2005,33.914685,-84.444956,0.0,1
2006,33.915269,-84.444263,0.0,1
2007,33.915682,-84.443461,0.0,1
2008,33.916241,-84.442734,0.0,1
2009,33.916950,-84.441416,0.0,1
2010,33.917729,-84.440586,0.0,1
2011,33.918565,-84.439949,0.0,1
2012,33.918940,-84.439433,0.0,1
2013,33.920067,-84.438946,0.0,1
2014,33.920357,-84.439000,0.0,1
2015,33.920515,-84.439053,0.0,1
2016,33.920685,-84.439146,0.0,1
2017,33.920858,-84.439256,0.0,1
2018,33.920959,-84.439358,0.0,1
2019,33.921190,-84.439570,0.0,1
2020,33.921192,-84.439810,0.0,1
2021,33.920714,-84.440154,0.0,1
2022,33.920005,-84.441067,0.0,1
2023,33.919322,-84.442081,0.0,1
2024,33.918763,-84.442790,0.0,1
2025,33.918389,-84.443365,0.0,1
2026,33.917225,-84.444427,0.0,1
2027,33.916409,-84.445540,0.0,1
2028,33.915871,-84.446867,0.0,1
2029,33.914918,-84.448538,0.0,1
2030,33.914642,-84.449078,0.0,1
2031,33.914256,-84.449429,0.0,1
2032,33.913935,-84.449710,0.0,1
2033,33.913536,-84.449950,0.0,1
2034,33.912595,-84.450403,0.0,1
2035,33.911972,-84.450685,0.0,1
2036,33.911819,-84.450673,0.0,1
2037,33.911702,-84.450577,0.0,1
2038,33.911702,-84.450160,0.0,1
2039,33.911629,-84.449780,0.0,1
2040,33.911476,-84.449526,0.0,1
2041,33.911017,-84.449165,0.0,1
2042,33.910756,-84.448953,0.0,1
2043,33.910271,-84.448583,0.0,1
2044,33.910018,-84.448509,0.0,1
2045,33.909419,-84.448726,0.0,1
2046,33.909001,-84.448856,0.0,1
2047,33.908411,-84.448830,0.0,1
2048,33.907996,-84.448767,0.0,1
2049,33.907457,-84.448551,0.0,1
2050,33.907041,-84.448263,0.0,1
2051,33.906542,-84.447778,0.0,1
2052,33.906259,-84.447384,0.0,1
2053,33.905890,-84.446863,0.0,1
2054,33.905094,-84.446118,0.0,1
2055,33.904487,-84.445658,0.0,1
2056,33.903876,-84.445252,0.0,1
2057,33.903393,-84.444906,0.0,1
2058,33.903564,-84.445058,0.0,1
2059,33.904846,-84.445870,0.0,1
2060,33.905930,-84.446943,0.0,1
2061,33.906499,-84.447635,0.0,1
2062,33.907176,-84.448370,0.0,1
2063,33.908047,-84.448764,0.0,1
2064,33.908932,-84.448957,0.0,1
2065,33.909609,-84.448585,0.0,1
2066,33.910316,-84.448508,0.0,1
2067,33.910911,-84.448249,0.0,1
2068,33.911674,-84.448054,0.0,1
2069,33.912244,-84.447760,0.0,1
2070,33.912803,-84.446841,0.0,1
2071,33.913658,-84.445834,0.0,1
2072,33.914483,-84.445099,0.0,1
2073,33.915025,-84.444559,0.0,1
2074,33.915416,-84.444118,0.0,1
2075,33.915756,-84.443353,0.0,1
2076,33.916208,-84.442789,0.0,1
2077,33.916867,-84.441558,0.0,1
2078,33.917607,-84.440681,0.0,1
2079,33.918389,-84.440047,0.0,1
2080,33.918824,-84.439530,0.0,1
2081,33.919326,-84.439253,0.0,1
2082,33.920220,-84.438930,0.0,1
2083,33.920628,-84.439141,0.0,1
2084,33.921192,-84.439568,0.0,1
2085,33.921930,-84.439012,0.0,1
2086,33.923261,-84.437953,0.0,1
2087,33.923752,-84.437379,0.0,1
2088,33.923980,-84.437040,0.0,1
2089,33.924152,-84.436659,0.0,1
2090,33.924494,-84.435817,0.0,1
2091,33.924700,-84.435003,0.0,1
2092,33.924874,-84.434201,0.0,1
2093,33.925222,-84.432691,0.0,1
2094,33.925505,-84.431884,0.0,1
2095,33.925970,-84.431087,0.0,1
2096,33.926516,-84.430295,0.0,1
2097,33.926706,-84.430040,0.0,1
2098,33.927309,-84.429026,0.0,1
2099,33.927696,-84.428506,0.0,1
2100,33.928016,-84.427904,0.0,1
2101,33.928410,-84.427037,0.0,1
2102,33.928878,-84.426413,0.0,1
2103,33.929297,-84.425693,0.0,1
2104,33.929847,-84.424418,0.0,1
2105,33.930024,-84.424095,0.0,1
2106,33.930843,-84.422773,0.0,1
2107,33.931397,-84.421873,0.0,1
2108,33.931863,-84.420927,0.0,1
2109,33.932169,-84.420307,0.0,1
2110,33.932644,-84.419619,0.0,1
2111,33.933251,-84.418994,0.0,1
2112,33.933861,-84.418522,0.0,1
2113,33.934556,-84.417915,0.0,1
2114,33.937828,-84.415254,0.0,1
2115,33.938732,-84.414471,0.0,1
2116,33.939532,-84.413653,0.0,1
2117,33.940599,-84.412397,0.0,1
2118,33.941250,-84.411573,0.0,1
2119,33.941930,-84.410696,0.0,1
2120,33.942954,-84.409581,0.0,1
2121,33.944027,-84.408012,0.0,1
2122,33.944978,-84.406637,0.0,1
2123,33.944898,-84.406578,0.0,1
2124,33.943940,-84.408033,0.0,1
2125,33.942941,-84.409530,0.0,1
2126,33.942156,-84.410395,0.0,1
2127,33.941856,-84.410714,0.0,1
2128,33.940602,-84.412355,0.0,1
2129,33.939592,-84.413555,0.0,1
2130,33.938706,-84.414427,0.0,1
2131,33.933788,-84.418418,0.0,1
2132,33.933114,-84.418941,0.0,1
2133,33.932590,-84.419518,0.0,1
2134,33.932158,-84.420082,0.0,1
2135,33.931554,-84.421283,0.0,1
2136,33.930960,-84.422340,0.0,1
2137,33.930304,-84.423427,0.0,1
2138,33.929920,-84.424076,0.0,1
2139,33.929209,-84.425585,0.0,1
2140,33.928790,-84.426393,0.0,1
2141,33.928320,-84.426967,0.0,1
2142,33.927753,-84.428156,0.0,1
2143,33.926786,-84.429550,0.0,1
2144,33.926609,-84.429949,0.0,1
2145,33.926046,-84.430727,0.0,1
2146,33.925607,-84.431450,0.0,1
2147,33.925123,-84.432684,0.0,1
2148,33.924697,-84.434493,0.0,1
2149,33.924384,-84.435760,0.0,1
2150,33.923954,-84.436780,0.0,1
2151,33.923251,-84.437849,0.0,1
2152,33.921932,-84.438858,0.0,1
2153,33.921710,-84.439175,0.0,1
2154,33.921121,-84.439498,0.0,1
2155,33.920585,-84.439088,0.0,1
2156,33.920266,-84.438864,0.0,1
2157,33.919454,-84.439196,0.0,1
2158,33.918934,-84.439429,0.0,1
2159,33.918698,-84.439729,0.0,1
2160,33.918566,-84.439901,0.0,1
2161,33.917828,-84.440474,0.0,1
2162,33.917203,-84.441160,0.0,1
2163,33.916849,-84.441599,0.0,1
2164,33.916324,-84.442619,0.0,1
2165,33.916018,-84.443041,0.0,1
2166,33.915690,-84.443440,0.0,1
2167,33.915376,-84.444127,0.0,1
2168,33.914839,-84.444790,0.0,1
2169,33.914042,-84.445452,0.0,1
2170,33.913098,-84.446484,0.0,1
2171,33.912647,-84.447115,0.0,1
2172,33.912084,-84.447842,0.0,1
2173,33.911222,-84.448131,0.0,1
2174,33.910428,-84.448457,0.0,1
2175,33.909730,-84.448594,0.0,1
2176,33.909135,-84.448930,0.0,1
2177,33.908145,-84.448826,0.0,1
2178,33.907551,-84.448572,0.0,1
2179,33.907042,-84.448202,0.0,1
2180,33.906352,-84.447416,0.0,1
2181,33.905213,-84.446156,0.0,1
