No,Latitude,Longitude,Altitude,Depth,Cadence,Date,Time
11288,33.868456,-84.331817,292.4,0.000,,2013/01/19,13:50:24
11289,33.868356,-84.331838,298.6,0.000,,2013/01/19,13:50:28
11290,33.868236,-84.331922,303.4,0.000,,2013/01/19,13:50:33
11291,33.868064,-84.332008,303.4,0.000,,2013/01/19,13:50:38
11292,33.867938,-84.332111,304.4,0.000,,2013/01/19,13:50:43
11293,33.867915,-84.332130,303.4,0.000,,2013/01/19,13:50:44
11294,33.867656,-84.331960,305.8,0.000,,2013/01/19,13:50:49
11295,33.867621,-84.331893,308.7,0.000,,2013/01/19,13:50:50
11296,33.867572,-84.331782,311.6,0.000,,2013/01/19,13:50:52
11297,33.867533,-84.331664,312.6,0.000,,2013/01/19,13:50:54
11298,33.867364,-84.331291,316.4,0.000,,2013/01/19,13:50:59
11299,33.867323,-84.331217,316.9,0.000,,2013/01/19,13:51:00
11300,33.866995,-84.331080,305.8,0.000,,2013/01/19,13:51:04
11301,33.866759,-84.331243,302.5,0.000,,2013/01/19,13:51:07
11302,33.866682,-84.331294,300.5,0.000,,2013/01/19,13:51:08
11303,33.866348,-84.331632,295.3,0.000,,2013/01/19,13:51:13
11304,33.866031,-84.331788,293.3,0.000,,2013/01/19,13:51:17
11305,33.865611,-84.332091,289.0,0.000,,2013/01/19,13:51:24
11306,33.865541,-84.332109,290.0,0.000,,2013/01/19,13:51:25
11307,33.865430,-84.332183,289.5,0.000,,2013/01/19,13:51:27
11308,33.865329,-84.332297,285.6,0.000,,2013/01/19,13:51:29
11309,33.865023,-84.332406,278.0,0.000,,2013/01/19,13:51:33
11310,33.864932,-84.332420,277.0,0.000,,2013/01/19,13:51:34
11311,33.864446,-84.332453,274.6,0.000,,2013/01/19,13:51:39
11312,33.864260,-84.332431,275.6,0.000,,2013/01/19,13:51:41
11313,33.864055,-84.332372,279.9,0.000,,2013/01/19,13:51:44
11314,33.864009,-84.332431,283.2,0.000,,2013/01/19,13:51:48
11315,33.863880,-84.332381,291.9,0.000,,2013/01/19,13:51:54
11316,33.863792,-84.332372,294.3,0.000,,2013/01/19,13:51:57
11317,33.863691,-84.332399,299.1,0.000,,2013/01/19,13:52:03
11318,33.863560,-84.332373,300.5,0.000,,2013/01/19,13:52:10
11319,33.863545,-84.332375,300.5,0.000,,2013/01/19,13:52:11
11320,33.863440,-84.332381,303.0,0.000,,2013/01/19,13:52:17
11321,33.863237,-84.332399,304.9,0.000,,2013/01/19,13:52:22
11322,33.862871,-84.332360,303.4,0.000,,2013/01/19,13:52:27
11323,33.862510,-84.332339,301.5,0.000,,2013/01/19,13:52:31
11324,33.862008,-84.332350,292.4,0.000,,2013/01/19,13:52:37
11325,33.861898,-84.332409,288.5,0.000,,2013/01/19,13:52:39
11326,33.861676,-84.332426,286.1,0.000,,2013/01/19,13:52:44
11327,33.861601,-84.332309,287.1,0.000,,2013/01/19,13:52:48
11328,33.861601,-84.332273,285.2,0.000,,2013/01/19,13:52:49
11329,33.861582,-84.332053,282.3,0.000,,2013/01/19,13:52:54
11330,33.861409,-84.332018,277.0,0.000,,2013/01/19,13:52:58
11331,33.861007,-84.332063,271.2,0.000,,2013/01/19,13:53:06
11332,33.860881,-84.332073,268.8,0.000,,2013/01/19,13:53:11
11333,33.860779,-84.332099,268.3,0.000,,2013/01/19,13:53:16
11334,33.860744,-84.332291,270.3,0.000,,2013/01/19,13:53:20
11335,33.860698,-84.332633,273.6,0.000,,2013/01/19,13:53:25
11336,33.860624,-84.333153,274.6,0.000,,2013/01/19,13:53:32
11337,33.860533,-84.333741,273.2,0.000,,2013/01/19,13:53:39
11338,33.860499,-84.333978,275.1,0.000,,2013/01/19,13:53:42
11339,33.860439,-84.334401,281.8,0.000,,2013/01/19,13:53:48
11340,33.860421,-84.334733,283.7,0.000,,2013/01/19,13:53:53
11341,33.860427,-84.334852,285.2,0.000,,2013/01/19,13:53:55
11342,33.860436,-84.335173,285.2,0.000,,2013/01/19,13:54:01
11343,33.860443,-84.335246,285.2,0.000,,2013/01/19,13:54:03
11344,33.860450,-84.335325,284.7,0.000,,2013/01/19,13:54:05
11345,33.860484,-84.335608,285.6,0.000,,2013/01/19,13:54:13
11346,33.860517,-84.335825,288.5,0.000,,2013/01/19,13:54:19
11347,33.860540,-84.336043,288.5,0.000,,2013/01/19,13:54:25
11348,33.860558,-84.336301,288.1,0.000,,2013/01/19,13:54:32
11349,33.860562,-84.336528,287.1,0.000,,2013/01/19,13:54:38
11350,33.860592,-84.336705,285.2,0.000,,2013/01/19,13:54:43
11351,33.860613,-84.336915,285.2,0.000,,2013/01/19,13:54:49
11352,33.860661,-84.337203,283.7,0.000,,2013/01/19,13:54:56
11353,33.860713,-84.337520,284.7,0.000,,2013/01/19,13:55:03
11354,33.860759,-84.337883,286.1,0.000,,2013/01/19,13:55:11
11355,33.860784,-84.338215,286.1,0.000,,2013/01/19,13:55:18
11356,33.860787,-84.338402,291.4,0.000,,2013/01/19,13:55:23
11357,33.860738,-84.338527,307.3,0.000,,2013/01/19,13:55:28
11358,33.860737,-84.338551,307.8,0.000,,2013/01/19,13:55:29
11359,33.860765,-84.338725,301.5,0.000,,2013/01/19,13:55:35
11360,33.860752,-84.338803,300.5,0.000,,2013/01/19,13:55:40
11361,33.860800,-84.338969,301.5,0.000,,2013/01/19,13:55:45
11362,33.860818,-84.339197,297.2,0.000,,2013/01/19,13:55:53
11363,33.860821,-84.339213,298.6,0.000,,2013/01/19,13:55:54
11364,33.860863,-84.339220,310.6,0.000,,2013/01/19,13:55:58
11365,33.860876,-84.339224,318.8,0.000,,2013/01/19,13:56:05
11366,33.860814,-84.339224,324.6,0.000,,2013/01/19,13:56:18
11367,33.860745,-84.339347,314.5,0.000,,2013/01/19,13:56:38
11368,33.860740,-84.339355,313.0,0.000,,2013/01/19,13:56:40
11369,33.860719,-84.339393,315.0,0.000,,2013/01/19,13:56:59
11370,33.860745,-84.339375,316.4,0.000,,2013/01/19,13:57:11
11371,33.860748,-84.339374,316.4,0.000,,2013/01/19,13:57:12
11372,33.860819,-84.339392,318.8,0.000,,2013/01/19,13:57:16
11373,33.860804,-84.339610,317.4,0.000,,2013/01/19,13:57:21
11374,33.860721,-84.339924,309.7,0.000,,2013/01/19,13:57:28
11375,33.860677,-84.340197,305.4,0.000,,2013/01/19,13:57:34
11376,33.860673,-84.340544,301.5,0.000,,2013/01/19,13:57:40
11377,33.860663,-84.340935,298.6,0.000,,2013/01/19,13:57:45
11378,33.860658,-84.341309,294.8,0.000,,2013/01/19,13:57:49
11379,33.860703,-84.341967,292.4,0.000,,2013/01/19,13:57:55
11380,33.860877,-84.342496,289.0,0.000,,2013/01/19,13:58:00
11381,33.860914,-84.342598,289.0,0.000,,2013/01/19,13:58:01
11382,33.861131,-84.342883,288.5,0.000,,2013/01/19,13:58:05
11383,33.861264,-84.342976,289.0,0.000,,2013/01/19,13:58:07
11384,33.861929,-84.343397,293.8,0.000,,2013/01/19,13:58:16
11385,33.862500,-84.343697,292.9,0.000,,2013/01/19,13:58:23
11386,33.862928,-84.343737,294.8,0.000,,2013/01/19,13:58:28
11387,33.863162,-84.343651,297.7,0.000,,2013/01/19,13:58:31
11388,33.863297,-84.343507,298.1,0.000,,2013/01/19,13:58:33
11389,33.863576,-84.343213,297.7,0.000,,2013/01/19,13:58:37
11390,33.863936,-84.343115,290.0,0.000,,2013/01/19,13:58:41
11391,33.864172,-84.343210,285.2,0.000,,2013/01/19,13:58:44
11392,33.864380,-84.343240,283.7,0.000,,2013/01/19,13:58:47
11393,33.864481,-84.343170,284.2,0.000,,2013/01/19,13:58:49
11394,33.864666,-84.343012,289.5,0.000,,2013/01/19,13:58:55
11395,33.864834,-84.342883,293.3,0.000,,2013/01/19,13:59:02
11396,33.864942,-84.342786,297.7,0.000,,2013/01/19,13:59:08
11397,33.865001,-84.342715,303.4,0.000,,2013/01/19,13:59:15
11398,33.865079,-84.342656,305.4,0.000,,2013/01/19,13:59:24
11399,33.865140,-84.342605,305.8,0.000,,2013/01/19,13:59:30
11400,33.865241,-84.342545,310.2,0.000,,2013/01/19,13:59:38
11401,33.865370,-84.342515,316.4,0.000,,2013/01/19,13:59:46
11402,33.865487,-84.342471,317.4,0.000,,2013/01/19,13:59:52
11403,33.865605,-84.342454,317.4,0.000,,2013/01/19,13:59:59
11404,33.865723,-84.342486,316.4,0.000,,2013/01/19,14:00:06
11405,33.865874,-84.342533,315.0,0.000,,2013/01/19,14:00:13
11406,33.866016,-84.342595,312.6,0.000,,2013/01/19,14:00:19
11407,33.866192,-84.342760,309.7,0.000,,2013/01/19,14:00:25
11408,33.866358,-84.342951,305.4,0.000,,2013/01/19,14:00:29
11409,33.866486,-84.343068,301.5,0.000,,2013/01/19,14:00:32
11410,33.866781,-84.343339,294.3,0.000,,2013/01/19,14:00:38
11411,33.867063,-84.343643,289.5,0.000,,2013/01/19,14:00:43
11412,33.867361,-84.343975,283.7,0.000,,2013/01/19,14:00:48
11413,33.867634,-84.344270,279.4,0.000,,2013/01/19,14:00:52
11414,33.868022,-84.344696,275.6,0.000,,2013/01/19,14:00:57
11415,33.868292,-84.345019,277.0,0.000,,2013/01/19,14:01:01
11416,33.868500,-84.345164,280.8,0.000,,2013/01/19,14:01:04
11417,33.868739,-84.345267,284.2,0.000,,2013/01/19,14:01:08
11418,33.868978,-84.345315,289.0,0.000,,2013/01/19,14:01:13
11419,33.869057,-84.345346,291.9,0.000,,2013/01/19,14:01:15
11420,33.869295,-84.345399,299.1,0.000,,2013/01/19,14:01:23
11421,33.869473,-84.345404,298.6,0.000,,2013/01/19,14:01:28
11422,33.869658,-84.345399,298.1,0.000,,2013/01/19,14:01:34
11423,33.869900,-84.345374,299.6,0.000,,2013/01/19,14:01:41
11424,33.870131,-84.345358,302.5,0.000,,2013/01/19,14:01:48
11425,33.870336,-84.345338,303.9,0.000,,2013/01/19,14:01:55
11426,33.870484,-84.345349,306.3,0.000,,2013/01/19,14:02:01
11427,33.870668,-84.345325,302.5,0.000,,2013/01/19,14:02:08
11428,33.870925,-84.345281,301.5,0.000,,2013/01/19,14:02:16
11429,33.871081,-84.345252,302.0,0.000,,2013/01/19,14:02:21
11430,33.871240,-84.345234,303.0,0.000,,2013/01/19,14:02:26
11431,33.871474,-84.345225,302.0,0.000,,2013/01/19,14:02:32
11432,33.871605,-84.345218,303.0,0.000,,2013/01/19,14:02:36
11433,33.871767,-84.345200,303.0,0.000,,2013/01/19,14:02:41
11434,33.872028,-84.345189,303.0,0.000,,2013/01/19,14:02:50
11435,33.872215,-84.345211,303.0,0.000,,2013/01/19,14:02:57
11436,33.872447,-84.345245,301.5,0.000,,2013/01/19,14:03:03
11437,33.872841,-84.345309,301.0,0.000,,2013/01/19,14:03:11
11438,33.873277,-84.345413,301.0,0.000,,2013/01/19,14:03:19
11439,33.873662,-84.345546,299.6,0.000,,2013/01/19,14:03:26
11440,33.874014,-84.345739,296.7,0.000,,2013/01/19,14:03:33
11441,33.874401,-84.345941,295.3,0.000,,2013/01/19,14:03:41
11442,33.874631,-84.346069,293.8,0.000,,2013/01/19,14:03:47
11443,33.874799,-84.346211,306.3,0.000,,2013/01/19,14:03:55
11444,33.874896,-84.346305,312.1,0.000,,2013/01/19,14:04:00
11445,33.875020,-84.346388,308.2,0.000,,2013/01/19,14:04:06
11446,33.875187,-84.346471,305.4,0.000,,2013/01/19,14:04:13
11447,33.875322,-84.346537,304.4,0.000,,2013/01/19,14:04:20
11448,33.875404,-84.346584,305.4,0.000,,2013/01/19,14:04:26
11449,33.875502,-84.346693,304.9,0.000,,2013/01/19,14:04:32
11450,33.875615,-84.346778,305.8,0.000,,2013/01/19,14:04:39
11451,33.875759,-84.346890,308.2,0.000,,2013/01/19,14:04:47
11452,33.875934,-84.347010,311.1,0.000,,2013/01/19,14:04:54
11453,33.876113,-84.347114,308.7,0.000,,2013/01/19,14:04:59
11454,33.876280,-84.347218,307.3,0.000,,2013/01/19,14:05:03
11455,33.876598,-84.347435,305.8,0.000,,2013/01/19,14:05:10
11456,33.876752,-84.347508,305.4,0.000,,2013/01/19,14:05:13
11457,33.877114,-84.347706,301.0,0.000,,2013/01/19,14:05:20
11458,33.877408,-84.347870,299.6,0.000,,2013/01/19,14:05:26
11459,33.877568,-84.347929,300.1,0.000,,2013/01/19,14:05:30
11460,33.877725,-84.347973,302.0,0.000,,2013/01/19,14:05:34
11461,33.877997,-84.347921,303.9,0.000,,2013/01/19,14:05:40
11462,33.878331,-84.347767,304.4,0.000,,2013/01/19,14:05:47
11463,33.878610,-84.347597,305.4,0.000,,2013/01/19,14:05:53
11464,33.879064,-84.347325,306.3,0.000,,2013/01/19,14:06:03
11465,33.879252,-84.347217,307.3,0.000,,2013/01/19,14:06:08
11466,33.879330,-84.347167,307.8,0.000,,2013/01/19,14:06:10
11467,33.879535,-84.347028,306.8,0.000,,2013/01/19,14:06:16
11468,33.879808,-84.346871,307.8,0.000,,2013/01/19,14:06:24
11469,33.880114,-84.346688,309.7,0.000,,2013/01/19,14:06:33
11470,33.880405,-84.346506,310.2,0.000,,2013/01/19,14:06:41
11471,33.880686,-84.346334,310.6,0.000,,2013/01/19,14:06:48
11472,33.880724,-84.346311,310.2,0.000,,2013/01/19,14:06:49
11473,33.880770,-84.346151,309.2,0.000,,2013/01/19,14:06:53
11474,33.880708,-84.345702,303.9,0.000,,2013/01/19,14:07:00
11475,33.880644,-84.345228,300.1,0.000,,2013/01/19,14:07:06
11476,33.880578,-84.344651,297.2,0.000,,2013/01/19,14:07:12
11477,33.880493,-84.344054,294.8,0.000,,2013/01/19,14:07:19
11478,33.880409,-84.343480,295.7,0.000,,2013/01/19,14:07:27
11479,33.880398,-84.343423,295.7,0.000,,2013/01/19,14:07:28
11480,33.880358,-84.343103,300.5,0.000,,2013/01/19,14:07:35
11481,33.880272,-84.342770,300.1,0.000,,2013/01/19,14:07:44
11482,33.880237,-84.342645,300.5,0.000,,2013/01/19,14:07:50
11483,33.880221,-84.342526,303.0,0.000,,2013/01/19,14:07:57
11484,33.880199,-84.342409,303.4,0.000,,2013/01/19,14:08:04
11485,33.880188,-84.342311,305.8,0.000,,2013/01/19,14:08:10
11486,33.880185,-84.342286,308.2,0.000,,2013/01/19,14:08:19
11487,33.880223,-84.342186,308.2,0.000,,2013/01/19,14:08:24
11488,33.880347,-84.342162,309.2,0.000,,2013/01/19,14:08:28
11489,33.880597,-84.342162,310.2,0.000,,2013/01/19,14:08:35
11490,33.880663,-84.342049,310.2,0.000,,2013/01/19,14:08:39
11491,33.880652,-84.341955,309.7,0.000,,2013/01/19,14:08:41
11492,33.880598,-84.341526,308.2,0.000,,2013/01/19,14:08:50
11493,33.880553,-84.341161,309.2,0.000,,2013/01/19,14:08:58
11494,33.880506,-84.340843,307.8,0.000,,2013/01/19,14:09:05
11495,33.880466,-84.340450,306.3,0.000,,2013/01/19,14:09:14
11496,33.880423,-84.340123,306.3,0.000,,2013/01/19,14:09:22
11497,33.880361,-84.339701,304.4,0.000,,2013/01/19,14:09:31
11498,33.880329,-84.339486,303.9,0.000,,2013/01/19,14:09:35
11499,33.880288,-84.339152,303.9,0.000,,2013/01/19,14:09:41
11500,33.880207,-84.338603,303.9,0.000,,2013/01/19,14:09:50
11501,33.880151,-84.338181,303.0,0.000,,2013/01/19,14:09:55
11502,33.880134,-84.337830,302.0,0.000,,2013/01/19,14:09:59
11503,33.880182,-84.337294,299.1,0.000,,2013/01/19,14:10:06
11504,33.880249,-84.336919,300.1,0.000,,2013/01/19,14:10:12
11505,33.880298,-84.336708,301.0,0.000,,2013/01/19,14:10:16
11506,33.880345,-84.336415,302.0,0.000,,2013/01/19,14:10:22
11507,33.880353,-84.336373,302.5,0.000,,2013/01/19,14:10:23
11508,33.880381,-84.336227,303.9,0.000,,2013/01/19,14:10:27
11509,33.880440,-84.336007,306.8,0.000,,2013/01/19,14:10:34
11510,33.880508,-84.335776,308.7,0.000,,2013/01/19,14:10:40
11511,33.880608,-84.335398,307.8,0.000,,2013/01/19,14:10:47
11512,33.880730,-84.334947,305.4,0.000,,2013/01/19,14:10:54
11513,33.880813,-84.334602,304.9,0.000,,2013/01/19,14:10:59
11514,33.880824,-84.334326,303.0,0.000,,2013/01/19,14:11:03
11515,33.880678,-84.333891,301.0,0.000,,2013/01/19,14:11:10
11516,33.880509,-84.333380,301.0,0.000,,2013/01/19,14:11:18
11517,33.880395,-84.332798,300.1,0.000,,2013/01/19,14:11:26
11518,33.880264,-84.332106,298.6,0.000,,2013/01/19,14:11:35
11519,33.880242,-84.331624,300.1,0.000,,2013/01/19,14:11:41
11520,33.880273,-84.331070,299.1,0.000,,2013/01/19,14:11:48
11521,33.880346,-84.330388,296.2,0.000,,2013/01/19,14:11:57
11522,33.880367,-84.330218,295.3,0.000,,2013/01/19,14:12:01
11523,33.880375,-84.330126,295.3,0.000,,2013/01/19,14:12:06
11524,33.880380,-84.330111,296.2,0.000,,2013/01/19,14:12:11
11525,33.880399,-84.329977,298.1,0.000,,2013/01/19,14:12:15
11526,33.880536,-84.329878,299.1,0.000,,2013/01/19,14:12:19
11527,33.880636,-84.329878,299.6,0.000,,2013/01/19,14:12:22
11528,33.880979,-84.329885,301.5,0.000,,2013/01/19,14:12:31
11529,33.881210,-84.329894,302.5,0.000,,2013/01/19,14:12:36
11530,33.881527,-84.329903,303.9,0.000,,2013/01/19,14:12:43
11531,33.881796,-84.329905,305.8,0.000,,2013/01/19,14:12:50
11532,33.882113,-84.329911,304.9,0.000,,2013/01/19,14:12:57
11533,33.882540,-84.329937,303.4,0.000,,2013/01/19,14:13:04
11534,33.882926,-84.329949,305.4,0.000,,2013/01/19,14:13:10
11535,33.883282,-84.329973,308.2,0.000,,2013/01/19,14:13:16
11536,33.883598,-84.330015,310.2,0.000,,2013/01/19,14:13:22
11537,33.883651,-84.330017,310.6,0.000,,2013/01/19,14:13:23
11538,33.884066,-84.329993,310.2,0.000,,2013/01/19,14:13:32
11539,33.884101,-84.329990,310.2,0.000,,2013/01/19,14:13:33
11540,33.884252,-84.329984,311.6,0.000,,2013/01/19,14:13:39
11541,33.884274,-84.329975,312.1,0.000,,2013/01/19,14:13:40
11542,33.884312,-84.329844,312.1,0.000,,2013/01/19,14:13:45
11543,33.884317,-84.329790,311.6,0.000,,2013/01/19,14:13:47
11544,33.884340,-84.329602,310.6,0.000,,2013/01/19,14:13:54
11545,33.884384,-84.329418,309.2,0.000,,2013/01/19,14:14:00
11546,33.884464,-84.329205,308.2,0.000,,2013/01/19,14:14:05
11547,33.884599,-84.328939,304.4,0.000,,2013/01/19,14:14:10
11548,33.884906,-84.328639,299.1,0.000,,2013/01/19,14:14:18
11549,33.885011,-84.328548,297.7,0.000,,2013/01/19,14:14:22
11550,33.885057,-84.328383,294.8,0.000,,2013/01/19,14:14:27
11551,33.885008,-84.328322,293.3,0.000,,2013/01/19,14:14:30
11552,33.884841,-84.328214,288.5,0.000,,2013/01/19,14:14:37
11553,33.884694,-84.328105,285.2,0.000,,2013/01/19,14:14:44
11554,33.884482,-84.327965,281.8,0.000,,2013/01/19,14:14:50
11555,33.884377,-84.327885,280.8,0.000,,2013/01/19,14:14:52
11556,33.884171,-84.327729,281.3,0.000,,2013/01/19,14:14:55
11557,33.883923,-84.327458,281.3,0.000,,2013/01/19,14:14:59
11558,33.883877,-84.327275,282.3,0.000,,2013/01/19,14:15:03
11559,33.883888,-84.327230,284.2,0.000,,2013/01/19,14:15:05
11560,33.883900,-84.327142,286.1,0.000,,2013/01/19,14:15:09
11561,33.884017,-84.327036,287.1,0.000,,2013/01/19,14:15:13
11562,33.884061,-84.327018,287.6,0.000,,2013/01/19,14:15:14
11563,33.884409,-84.326895,291.9,0.000,,2013/01/19,14:15:20
11564,33.884602,-84.326789,291.4,0.000,,2013/01/19,14:15:23
11565,33.884889,-84.326539,289.5,0.000,,2013/01/19,14:15:28
11566,33.885076,-84.326346,288.1,0.000,,2013/01/19,14:15:33
11567,33.885160,-84.326267,286.6,0.000,,2013/01/19,14:15:37
11568,33.885275,-84.326273,283.7,0.000,,2013/01/19,14:15:41
11569,33.885345,-84.326352,283.2,0.000,,2013/01/19,14:15:43
11570,33.885501,-84.326707,283.7,0.000,,2013/01/19,14:15:49
11571,33.885665,-84.327144,285.2,0.000,,2013/01/19,14:15:55
11572,33.885798,-84.327373,288.1,0.000,,2013/01/19,14:15:59
11573,33.886022,-84.327557,289.5,0.000,,2013/01/19,14:16:04
11574,33.886248,-84.327557,290.0,0.000,,2013/01/19,14:16:08
11575,33.886414,-84.327505,290.0,0.000,,2013/01/19,14:16:11
11576,33.886697,-84.327429,290.0,0.000,,2013/01/19,14:16:17
11577,33.886887,-84.327363,293.3,0.000,,2013/01/19,14:16:23
11578,33.887019,-84.327331,296.2,0.000,,2013/01/19,14:16:30
11579,33.887119,-84.327330,302.0,0.000,,2013/01/19,14:16:37
11580,33.887244,-84.327289,306.3,0.000,,2013/01/19,14:16:44
11581,33.887383,-84.327249,308.2,0.000,,2013/01/19,14:16:52
11582,33.887515,-84.327202,309.7,0.000,,2013/01/19,14:16:59
11583,33.887631,-84.327169,311.6,0.000,,2013/01/19,14:17:07
11584,33.887760,-84.327158,313.5,0.000,,2013/01/19,14:17:16
11585,33.887883,-84.327178,312.6,0.000,,2013/01/19,14:17:25
11586,33.888004,-84.327216,312.1,0.000,,2013/01/19,14:17:34
11587,33.888133,-84.327251,309.7,0.000,,2013/01/19,14:17:42
11588,33.888250,-84.327265,306.3,0.000,,2013/01/19,14:17:50
11589,33.888392,-84.327303,303.9,0.000,,2013/01/19,14:17:58
11590,33.888530,-84.327348,303.9,0.000,,2013/01/19,14:18:05
11591,33.888688,-84.327397,303.0,0.000,,2013/01/19,14:18:11
11592,33.888902,-84.327442,303.0,0.000,,2013/01/19,14:18:17
11593,33.889152,-84.327450,302.5,0.000,,2013/01/19,14:18:22
11594,33.889497,-84.327371,302.0,0.000,,2013/01/19,14:18:28
11595,33.889807,-84.327208,304.9,0.000,,2013/01/19,14:18:34
11596,33.889849,-84.327183,305.4,0.000,,2013/01/19,14:18:35
11597,33.889960,-84.327038,304.9,0.000,,2013/01/19,14:18:39
11598,33.889932,-84.326834,303.4,0.000,,2013/01/19,14:18:43
11599,33.889922,-84.326779,303.0,0.000,,2013/01/19,14:18:44
11600,33.889924,-84.326462,302.5,0.000,,2013/01/19,14:18:51
11601,33.889965,-84.326268,303.9,0.000,,2013/01/19,14:18:57
11602,33.889996,-84.326041,306.3,0.000,,2013/01/19,14:19:06
11603,33.890017,-84.325905,305.4,0.000,,2013/01/19,14:19:12
11604,33.890052,-84.325704,305.4,0.000,,2013/01/19,14:19:21
11605,33.890084,-84.325508,305.8,0.000,,2013/01/19,14:19:30
11606,33.890119,-84.325425,305.4,0.000,,2013/01/19,14:19:37
11607,33.890151,-84.325403,306.8,0.000,,2013/01/19,14:19:56
11608,33.890277,-84.325370,309.2,0.000,,2013/01/19,14:20:01
11609,33.890541,-84.325444,311.1,0.000,,2013/01/19,14:20:07
11610,33.890792,-84.325510,307.8,0.000,,2013/01/19,14:20:12
11611,33.890941,-84.325571,308.7,0.000,,2013/01/19,14:20:16
11612,33.890966,-84.325579,309.2,0.000,,2013/01/19,14:20:17
11613,33.891113,-84.325636,305.4,0.000,,2013/01/19,14:20:25
11614,33.891146,-84.325666,309.2,0.000,,2013/01/19,14:20:31
11615,33.891115,-84.325794,328.4,0.000,,2013/01/19,14:21:00
11616,33.891179,-84.325839,332.8,0.000,,2013/01/19,14:21:10
11617,33.891451,-84.325880,329.4,0.000,,2013/01/19,14:21:16
11618,33.891567,-84.325902,324.6,0.000,,2013/01/19,14:21:18
11619,33.891761,-84.325940,313.5,0.000,,2013/01/19,14:21:22
11620,33.891833,-84.325939,311.6,0.000,,2013/01/19,14:21:28
11621,33.891876,-84.325940,328.4,0.000,,2013/01/19,14:21:44
11622,33.891888,-84.325947,327.5,0.000,,2013/01/19,14:21:52
11623,33.891919,-84.325940,334.7,0.000,,2013/01/19,14:22:05
11624,33.891911,-84.325911,339.0,0.000,,2013/01/19,14:22:15
11625,33.891953,-84.325883,335.6,0.000,,2013/01/19,14:22:26
11626,33.891924,-84.325901,327.5,0.000,,2013/01/19,14:22:38
11627,33.892014,-84.325945,329.4,0.000,,2013/01/19,14:22:48
11628,33.892261,-84.326051,315.4,0.000,,2013/01/19,14:22:55
11629,33.892297,-84.326061,315.0,0.000,,2013/01/19,14:22:56
11630,33.892389,-84.325976,313.5,0.000,,2013/01/19,14:23:00
11631,33.892345,-84.325833,310.6,0.000,,2013/01/19,14:23:04
11632,33.892341,-84.325793,311.1,0.000,,2013/01/19,14:23:05
11633,33.892289,-84.325575,309.7,0.000,,2013/01/19,14:23:12
11634,33.892277,-84.325463,308.2,0.000,,2013/01/19,14:23:17
11635,33.892186,-84.325342,307.3,0.000,,2013/01/19,14:23:22
11636,33.892132,-84.325212,306.3,0.000,,2013/01/19,14:23:27
11637,33.892134,-84.325187,306.3,0.000,,2013/01/19,14:23:28
11638,33.892157,-84.325112,304.4,0.000,,2013/01/19,14:23:33
11639,33.892188,-84.325162,302.5,0.000,,2013/01/19,14:23:38
11640,33.892130,-84.325184,301.5,0.000,,2013/01/19,14:23:42
11641,33.892065,-84.325154,300.5,0.000,,2013/01/19,14:23:46
11642,33.892074,-84.325073,298.6,0.000,,2013/01/19,14:23:51
11643,33.892085,-84.325069,298.1,0.000,,2013/01/19,14:23:52
11644,33.892146,-84.325134,297.2,0.000,,2013/01/19,14:23:57
11645,33.892186,-84.325248,297.7,0.000,,2013/01/19,14:24:02
11646,33.892234,-84.325240,298.6,0.000,,2013/01/19,14:24:07
11647,33.892229,-84.325235,299.6,0.000,,2013/01/19,14:24:13
11648,33.892234,-84.325229,300.5,0.000,,2013/01/19,14:24:19
11649,33.891973,-84.325397,302.0,0.000,,2013/01/19,14:33:49
11650,33.891917,-84.325447,302.0,0.000,,2013/01/19,14:33:54
11651,33.891896,-84.325526,302.0,0.000,,2013/01/19,14:33:59
11652,33.891931,-84.325662,303.0,0.000,,2013/01/19,14:34:03
11653,33.892048,-84.325849,302.5,0.000,,2013/01/19,14:34:11
11654,33.892059,-84.325860,303.0,0.000,,2013/01/19,14:34:17
11655,33.892083,-84.325908,304.4,0.000,,2013/01/19,14:34:30
11656,33.892029,-84.326030,304.9,0.000,,2013/01/19,14:34:34
11657,33.891916,-84.326021,304.9,0.000,,2013/01/19,14:34:37
11658,33.891683,-84.325906,303.0,0.000,,2013/01/19,14:34:42
11659,33.891304,-84.325780,301.5,0.000,,2013/01/19,14:34:49
11660,33.890941,-84.325652,298.6,0.000,,2013/01/19,14:34:55
11661,33.890698,-84.325570,297.7,0.000,,2013/01/19,14:34:59
11662,33.890397,-84.325480,297.2,0.000,,2013/01/19,14:35:05
11663,33.890279,-84.325438,297.7,0.000,,2013/01/19,14:35:08
11664,33.890147,-84.325463,300.1,0.000,,2013/01/19,14:35:12
11665,33.890100,-84.325566,301.0,0.000,,2013/01/19,14:35:15
11666,33.890039,-84.325886,305.8,0.000,,2013/01/19,14:35:21
11667,33.889995,-84.326133,306.3,0.000,,2013/01/19,14:35:25
11668,33.889917,-84.326682,306.8,0.000,,2013/01/19,14:35:32
11669,33.889932,-84.326887,306.3,0.000,,2013/01/19,14:35:35
11670,33.890007,-84.327076,305.8,0.000,,2013/01/19,14:35:40
11671,33.890108,-84.327065,307.8,0.000,,2013/01/19,14:35:43
11672,33.890306,-84.326978,309.7,0.000,,2013/01/19,14:35:49
11673,33.890565,-84.326872,308.7,0.000,,2013/01/19,14:35:56
11674,33.890805,-84.326821,308.2,0.000,,2013/01/19,14:36:01
11675,33.891118,-84.326804,305.4,0.000,,2013/01/19,14:36:06
11676,33.891453,-84.326887,304.4,0.000,,2013/01/19,14:36:12
11677,33.891585,-84.326958,303.0,0.000,,2013/01/19,14:36:16
11678,33.891676,-84.327051,302.5,0.000,,2013/01/19,14:36:20
11679,33.891808,-84.327203,303.0,0.000,,2013/01/19,14:36:26
11680,33.891778,-84.327378,303.9,0.000,,2013/01/19,14:36:31
11681,33.891712,-84.327434,305.8,0.000,,2013/01/19,14:36:34
11682,33.891528,-84.327619,304.9,0.000,,2013/01/19,14:36:41
11683,33.891368,-84.327874,304.4,0.000,,2013/01/19,14:36:46
11684,33.891268,-84.328186,303.0,0.000,,2013/01/19,14:36:50
11685,33.891261,-84.328743,298.6,0.000,,2013/01/19,14:36:55
11686,33.891311,-84.329331,297.2,0.000,,2013/01/19,14:37:01
11687,33.891324,-84.329418,297.2,0.000,,2013/01/19,14:37:02
11688,33.891393,-84.329879,300.1,0.000,,2013/01/19,14:37:08
11689,33.891391,-84.330269,303.0,0.000,,2013/01/19,14:37:14
11690,33.891375,-84.330687,308.7,0.000,,2013/01/19,14:37:20
11691,33.891311,-84.330847,305.4,0.000,,2013/01/19,14:37:24
11692,33.891137,-84.331191,306.8,0.000,,2013/01/19,14:37:32
11693,33.891112,-84.331230,305.8,0.000,,2013/01/19,14:37:33
11694,33.890927,-84.331416,303.0,0.000,,2013/01/19,14:37:39
11695,33.890779,-84.331537,300.1,0.000,,2013/01/19,14:37:43
11696,33.890666,-84.331617,298.1,0.000,,2013/01/19,14:37:46
11697,33.890484,-84.331696,295.7,0.000,,2013/01/19,14:37:50
11698,33.890158,-84.331817,293.3,0.000,,2013/01/19,14:37:57
11699,33.890015,-84.331883,292.4,0.000,,2013/01/19,14:38:00
11700,33.889897,-84.331920,289.5,0.000,,2013/01/19,14:38:02
11701,33.889682,-84.332045,286.6,0.000,,2013/01/19,14:38:06
11702,33.889563,-84.332133,286.6,0.000,,2013/01/19,14:38:08
11703,33.889350,-84.332450,286.6,0.000,,2013/01/19,14:38:13
11704,33.889281,-84.332818,286.1,0.000,,2013/01/19,14:38:17
11705,33.889284,-84.333028,287.1,0.000,,2013/01/19,14:38:19
11706,33.889321,-84.333344,287.6,0.000,,2013/01/19,14:38:23
11707,33.889414,-84.333492,290.5,0.000,,2013/01/19,14:38:27
11708,33.889453,-84.333483,290.9,0.000,,2013/01/19,14:38:28
11709,33.889686,-84.333386,291.9,0.000,,2013/01/19,14:38:34
11710,33.889997,-84.333314,294.8,0.000,,2013/01/19,14:38:42
11711,33.890219,-84.333284,295.3,0.000,,2013/01/19,14:38:47
11712,33.890518,-84.333380,297.7,0.000,,2013/01/19,14:38:53
11713,33.890623,-84.333650,297.2,0.000,,2013/01/19,14:38:57
11714,33.890625,-84.333730,295.7,0.000,,2013/01/19,14:38:58
11715,33.890620,-84.334166,294.8,0.000,,2013/01/19,14:39:04
11716,33.890601,-84.334571,295.7,0.000,,2013/01/19,14:39:10
11717,33.890546,-84.334813,297.7,0.000,,2013/01/19,14:39:14
11718,33.890483,-84.334971,300.1,0.000,,2013/01/19,14:39:17
11719,33.890375,-84.335132,299.1,0.000,,2013/01/19,14:39:21
11720,33.890124,-84.335429,294.3,0.000,,2013/01/19,14:39:29
11721,33.889922,-84.335724,290.0,0.000,,2013/01/19,14:39:36
11722,33.889843,-84.335927,287.6,0.000,,2013/01/19,14:39:40
11723,33.889789,-84.336262,292.4,0.000,,2013/01/19,14:39:45
11724,33.889806,-84.336585,295.7,0.000,,2013/01/19,14:39:50
11725,33.889811,-84.336646,296.2,0.000,,2013/01/19,14:39:51
11726,33.889835,-84.336831,301.0,0.000,,2013/01/19,14:39:55
11727,33.889881,-84.337110,309.7,0.000,,2013/01/19,14:40:03
11728,33.889931,-84.337313,313.5,0.000,,2013/01/19,14:40:09
11729,33.890022,-84.337433,317.9,0.000,,2013/01/19,14:40:14
11730,33.890127,-84.337499,320.7,0.000,,2013/01/19,14:40:18
11731,33.890280,-84.337533,317.9,0.000,,2013/01/19,14:40:22
11732,33.890472,-84.337501,312.6,0.000,,2013/01/19,14:40:27
11733,33.890621,-84.337395,306.8,0.000,,2013/01/19,14:40:34
11734,33.890721,-84.337264,304.9,0.000,,2013/01/19,14:40:43
11735,33.890810,-84.337132,301.5,0.000,,2013/01/19,14:40:51
11736,33.890877,-84.337007,300.5,0.000,,2013/01/19,14:40:58
11737,33.890895,-84.337040,298.1,0.000,,2013/01/19,14:41:03
11738,33.890867,-84.337087,297.2,0.000,,2013/01/19,14:41:05
11739,33.890727,-84.337287,296.2,0.000,,2013/01/19,14:41:11
11740,33.890559,-84.337423,294.8,0.000,,2013/01/19,14:41:15
11741,33.890231,-84.337493,291.4,0.000,,2013/01/19,14:41:20
11742,33.889960,-84.337355,288.1,0.000,,2013/01/19,14:41:24
11743,33.889879,-84.337125,285.6,0.000,,2013/01/19,14:41:27
11744,33.889855,-84.336950,284.7,0.000,,2013/01/19,14:41:29
11745,33.889839,-84.336388,284.7,0.000,,2013/01/19,14:41:35
11746,33.889831,-84.336290,285.2,0.000,,2013/01/19,14:41:36
11747,33.889888,-84.335856,284.2,0.000,,2013/01/19,14:41:41
11748,33.889935,-84.335718,285.2,0.000,,2013/01/19,14:41:43
11749,33.890132,-84.335362,285.6,0.000,,2013/01/19,14:41:50
11750,33.890342,-84.335130,287.1,0.000,,2013/01/19,14:41:56
11751,33.890502,-84.334867,287.1,0.000,,2013/01/19,14:42:02
11752,33.890578,-84.334666,285.6,0.000,,2013/01/19,14:42:06
11753,33.890605,-84.334192,282.8,0.000,,2013/01/19,14:42:14
11754,33.890609,-84.333728,281.3,0.000,,2013/01/19,14:42:21
11755,33.890525,-84.333405,281.3,0.000,,2013/01/19,14:42:26
11756,33.890336,-84.333265,281.8,0.000,,2013/01/19,14:42:30
11757,33.890155,-84.333250,283.2,0.000,,2013/01/19,14:42:34
11758,33.890112,-84.333260,283.7,0.000,,2013/01/19,14:42:35
11759,33.889955,-84.333295,286.1,0.000,,2013/01/19,14:42:39
11760,33.889840,-84.333314,285.6,0.000,,2013/01/19,14:42:42
11761,33.889618,-84.333406,285.6,0.000,,2013/01/19,14:42:48
11762,33.889334,-84.333552,283.7,0.000,,2013/01/19,14:42:54
11763,33.889074,-84.333768,285.2,0.000,,2013/01/19,14:43:00
11764,33.889005,-84.333850,286.1,0.000,,2013/01/19,14:43:02
11765,33.888873,-84.334009,285.2,0.000,,2013/01/19,14:43:06
11766,33.888631,-84.334324,290.9,0.000,,2013/01/19,14:43:13
11767,33.888463,-84.334467,290.0,0.000,,2013/01/19,14:43:17
11768,33.888267,-84.334536,289.0,0.000,,2013/01/19,14:43:21
11769,33.888044,-84.334499,288.1,0.000,,2013/01/19,14:43:26
11770,33.887967,-84.334446,287.1,0.000,,2013/01/19,14:43:28
11771,33.887768,-84.334200,279.9,0.000,,2013/01/19,14:43:35
11772,33.887668,-84.333857,279.9,0.000,,2013/01/19,14:43:42
11773,33.887678,-84.333714,281.3,0.000,,2013/01/19,14:43:45
11774,33.887693,-84.333360,284.7,0.000,,2013/01/19,14:43:52
11775,33.887766,-84.332985,285.6,0.000,,2013/01/19,14:43:59
11776,33.887870,-84.332517,285.2,0.000,,2013/01/19,14:44:06
11777,33.887997,-84.331995,283.7,0.000,,2013/01/19,14:44:13
11778,33.888081,-84.331591,283.2,0.000,,2013/01/19,14:44:19
11779,33.888099,-84.331530,284.2,0.000,,2013/01/19,14:44:20
11780,33.888192,-84.331329,285.2,0.000,,2013/01/19,14:44:24
11781,33.888300,-84.331170,286.1,0.000,,2013/01/19,14:44:28
11782,33.888484,-84.330907,289.5,0.000,,2013/01/19,14:44:36
11783,33.888746,-84.330656,294.3,0.000,,2013/01/19,14:44:46
11784,33.888943,-84.330566,297.2,0.000,,2013/01/19,14:44:52
11785,33.889177,-84.330534,295.7,0.000,,2013/01/19,14:44:58
11786,33.889270,-84.330516,294.3,0.000,,2013/01/19,14:45:00
11787,33.889625,-84.330419,290.9,0.000,,2013/01/19,14:45:09
11788,33.889891,-84.330332,293.3,0.000,,2013/01/19,14:45:17
11789,33.890124,-84.330127,289.0,0.000,,2013/01/19,14:45:24
11790,33.890278,-84.329904,287.1,0.000,,2013/01/19,14:45:28
11791,33.890493,-84.329478,284.7,0.000,,2013/01/19,14:45:33
11792,33.890588,-84.329313,283.7,0.000,,2013/01/19,14:45:35
11793,33.890855,-84.329032,282.3,0.000,,2013/01/19,14:45:40
11794,33.890962,-84.328999,282.3,0.000,,2013/01/19,14:45:42
11795,33.891103,-84.328976,283.7,0.000,,2013/01/19,14:45:45
11796,33.891175,-84.328971,284.2,0.000,,2013/01/19,14:45:47
11797,33.891269,-84.328886,286.1,0.000,,2013/01/19,14:45:51
11798,33.891271,-84.328797,286.6,0.000,,2013/01/19,14:45:53
11799,33.891252,-84.328425,287.1,0.000,,2013/01/19,14:46:01
11800,33.891274,-84.328269,290.9,0.000,,2013/01/19,14:46:06
11801,33.891300,-84.328108,290.9,0.000,,2013/01/19,14:46:12
11802,33.891332,-84.327957,291.4,0.000,,2013/01/19,14:46:20
11803,33.891397,-84.327833,292.4,0.000,,2013/01/19,14:46:27
11804,33.891457,-84.327727,293.8,0.000,,2013/01/19,14:46:34
11805,33.891554,-84.327574,299.6,0.000,,2013/01/19,14:46:43
11806,33.891639,-84.327441,301.0,0.000,,2013/01/19,14:46:51
11807,33.891762,-84.327289,303.0,0.000,,2013/01/19,14:47:00
11808,33.891777,-84.327268,303.0,0.000,,2013/01/19,14:47:01
11809,33.891727,-84.327134,302.5,0.000,,2013/01/19,14:47:06
11810,33.891522,-84.326968,297.7,0.000,,2013/01/19,14:47:14
11811,33.891310,-84.326857,294.3,0.000,,2013/01/19,14:47:19
11812,33.891196,-84.326821,292.4,0.000,,2013/01/19,14:47:21
11813,33.890854,-84.326794,290.0,0.000,,2013/01/19,14:47:26
11814,33.890545,-84.326844,290.0,0.000,,2013/01/19,14:47:31
11815,33.890286,-84.326947,291.9,0.000,,2013/01/19,14:47:38
11816,33.890109,-84.327041,294.3,0.000,,2013/01/19,14:47:44
11817,33.889894,-84.327169,298.6,0.000,,2013/01/19,14:47:50
11818,33.889804,-84.327228,298.1,0.000,,2013/01/19,14:47:52
11819,33.889495,-84.327385,299.6,0.000,,2013/01/19,14:47:58
11820,33.889203,-84.327465,300.5,0.000,,2013/01/19,14:48:04
11821,33.889022,-84.327466,301.5,0.000,,2013/01/19,14:48:09
11822,33.888740,-84.327448,302.5,0.000,,2013/01/19,14:48:18
11823,33.888540,-84.327382,301.0,0.000,,2013/01/19,14:48:25
11824,33.888322,-84.327317,300.5,0.000,,2013/01/19,14:48:32
11825,33.888037,-84.327197,301.0,0.000,,2013/01/19,14:48:39
11826,33.887978,-84.327192,300.5,0.000,,2013/01/19,14:48:40
11827,33.887788,-84.327177,302.0,0.000,,2013/01/19,14:48:43
11828,33.887547,-84.327212,300.1,0.000,,2013/01/19,14:48:46
11829,33.886962,-84.327386,292.4,0.000,,2013/01/19,14:48:52
11830,33.886402,-84.327532,287.1,0.000,,2013/01/19,14:48:57
11831,33.886200,-84.327574,286.1,0.000,,2013/01/19,14:48:59
11832,33.885878,-84.327514,282.3,0.000,,2013/01/19,14:49:03
11833,33.885704,-84.327363,278.0,0.000,,2013/01/19,14:49:06
11834,33.885475,-84.326929,270.7,0.000,,2013/01/19,14:49:13
11835,33.885293,-84.326645,266.9,0.000,,2013/01/19,14:49:19
11836,33.885196,-84.326477,266.9,0.000,,2013/01/19,14:49:24
11837,33.885133,-84.326386,268.3,0.000,,2013/01/19,14:49:30
11838,33.885147,-84.326357,275.6,0.000,,2013/01/19,14:49:35
11839,33.885204,-84.326342,289.5,0.000,,2013/01/19,14:49:47
11840,33.885201,-84.326321,293.8,0.000,,2013/01/19,14:49:51
11841,33.885054,-84.326407,294.3,0.000,,2013/01/19,14:49:56
11842,33.884854,-84.326604,296.7,0.000,,2013/01/19,14:50:02
11843,33.884790,-84.326676,296.7,0.000,,2013/01/19,14:50:04
11844,33.884677,-84.326809,299.1,0.000,,2013/01/19,14:50:08
11845,33.884519,-84.326944,304.9,0.000,,2013/01/19,14:50:13
11846,33.884299,-84.327049,301.5,0.000,,2013/01/19,14:50:20
11847,33.884177,-84.327088,304.4,0.000,,2013/01/19,14:50:26
11848,33.883996,-84.327151,298.6,0.000,,2013/01/19,14:50:34
11849,33.883916,-84.327206,294.3,0.000,,2013/01/19,14:50:38
11850,33.883881,-84.327327,290.5,0.000,,2013/01/19,14:50:42
11851,33.883962,-84.327529,287.6,0.000,,2013/01/19,14:50:45
11852,33.884014,-84.327593,287.1,0.000,,2013/01/19,14:50:46
11853,33.884249,-84.327800,289.0,0.000,,2013/01/19,14:50:50
11854,33.884344,-84.327882,291.4,0.000,,2013/01/19,14:50:52
11855,33.884446,-84.327972,294.3,0.000,,2013/01/19,14:50:56
11856,33.884461,-84.328006,297.7,0.000,,2013/01/19,14:51:03
11857,33.884521,-84.328082,309.7,0.000,,2013/01/19,14:51:19
11858,33.884622,-84.328103,311.1,0.000,,2013/01/19,14:51:27
11859,33.884645,-84.328100,306.8,0.000,,2013/01/19,14:51:34
11860,33.884695,-84.328132,307.8,0.000,,2013/01/19,14:51:39
11861,33.884827,-84.328224,307.3,0.000,,2013/01/19,14:51:45
11862,33.884963,-84.328304,303.9,0.000,,2013/01/19,14:51:49
11863,33.885120,-84.328416,303.0,0.000,,2013/01/19,14:51:53
11864,33.885188,-84.328477,305.8,0.000,,2013/01/19,14:51:55
11865,33.885363,-84.328790,307.8,0.000,,2013/01/19,14:52:01
11866,33.885582,-84.329207,307.8,0.000,,2013/01/19,14:52:07
11867,33.885726,-84.329474,310.6,0.000,,2013/01/19,14:52:11
11868,33.885911,-84.329859,316.4,0.000,,2013/01/19,14:52:18
11869,33.886030,-84.330103,327.0,0.000,,2013/01/19,14:52:24
11870,33.886142,-84.330262,325.5,0.000,,2013/01/19,14:52:32
11871,33.886222,-84.330442,328.4,0.000,,2013/01/19,14:52:39
11872,33.886292,-84.330599,320.3,0.000,,2013/01/19,14:52:44
11873,33.886345,-84.330848,316.9,0.000,,2013/01/19,14:52:49
11874,33.886230,-84.331124,311.6,0.000,,2013/01/19,14:52:53
11875,33.886129,-84.331259,308.2,0.000,,2013/01/19,14:52:55
11876,33.885807,-84.331558,304.4,0.000,,2013/01/19,14:53:00
11877,33.885598,-84.331535,295.3,0.000,,2013/01/19,14:53:04
11878,33.885356,-84.331429,287.1,0.000,,2013/01/19,14:53:09
11879,33.885217,-84.331364,280.4,0.000,,2013/01/19,14:53:13
11880,33.885102,-84.331337,285.6,0.000,,2013/01/19,14:53:20
11881,33.884921,-84.331256,285.6,0.000,,2013/01/19,14:53:28
11882,33.884817,-84.331192,293.8,0.000,,2013/01/19,14:53:36
11883,33.884693,-84.331159,290.9,0.000,,2013/01/19,14:53:42
11884,33.884571,-84.331109,290.9,0.000,,2013/01/19,14:53:49
11885,33.884460,-84.331051,292.4,0.000,,2013/01/19,14:53:56
11886,33.884383,-84.330989,295.3,0.000,,2013/01/19,14:54:02
11887,33.884309,-84.330885,295.7,0.000,,2013/01/19,14:54:09
11888,33.884259,-84.330729,291.4,0.000,,2013/01/19,14:54:18
11889,33.884273,-84.330597,294.8,0.000,,2013/01/19,14:54:25
11890,33.884276,-84.330456,295.3,0.000,,2013/01/19,14:54:32
11891,33.884316,-84.330310,297.7,0.000,,2013/01/19,14:54:39
11892,33.884278,-84.330197,300.1,0.000,,2013/01/19,14:54:44
11893,33.884125,-84.330149,298.1,0.000,,2013/01/19,14:54:49
11894,33.883864,-84.330127,295.3,0.000,,2013/01/19,14:54:55
11895,33.883478,-84.330125,297.2,0.000,,2013/01/19,14:55:03
11896,33.883135,-84.330095,296.2,0.000,,2013/01/19,14:55:09
11897,33.882748,-84.330083,293.3,0.000,,2013/01/19,14:55:15
11898,33.882273,-84.330050,287.6,0.000,,2013/01/19,14:55:22
11899,33.882215,-84.330048,287.6,0.000,,2013/01/19,14:55:23
11900,33.882015,-84.330050,287.1,0.000,,2013/01/19,14:55:27
11901,33.881938,-84.330047,287.6,0.000,,2013/01/19,14:55:29
11902,33.881891,-84.330111,291.9,0.000,,2013/01/19,14:55:33
11903,33.881883,-84.330139,290.9,0.000,,2013/01/19,14:55:34
11904,33.881881,-84.330394,294.8,0.000,,2013/01/19,14:55:38
11905,33.881829,-84.330810,304.9,0.000,,2013/01/19,14:55:44
11906,33.881884,-84.331128,310.2,0.000,,2013/01/19,14:55:49
11907,33.882060,-84.331202,311.6,0.000,,2013/01/19,14:55:53
11908,33.882161,-84.331137,306.8,0.000,,2013/01/19,14:55:56
11909,33.882230,-84.331116,304.4,0.000,,2013/01/19,14:55:58
11910,33.882374,-84.331150,301.5,0.000,,2013/01/19,14:56:04
11911,33.882402,-84.331162,301.5,0.000,,2013/01/19,14:56:05
11912,33.882576,-84.331240,304.4,0.000,,2013/01/19,14:56:11
11913,33.882594,-84.331252,304.9,0.000,,2013/01/19,14:56:12
11914,33.882566,-84.331280,304.9,0.000,,2013/01/19,14:56:17
11915,33.882508,-84.331250,303.9,0.000,,2013/01/19,14:56:21
11916,33.882363,-84.331182,299.1,0.000,,2013/01/19,14:56:28
11917,33.882234,-84.331173,297.2,0.000,,2013/01/19,14:56:34
11918,33.882141,-84.331152,297.2,0.000,,2013/01/19,14:56:39
11919,33.882118,-84.331119,299.1,0.000,,2013/01/19,14:56:44
11920,33.882113,-84.331112,301.0,0.000,,2013/01/19,14:56:45
12678,33.882104,-84.331159,296.2,0.000,,2013/01/19,16:26:07
12679,33.882029,-84.331164,300.5,0.000,,2013/01/19,16:26:12
12680,33.881860,-84.331075,304.4,0.000,,2013/01/19,16:26:18
12681,33.881828,-84.330974,301.5,0.000,,2013/01/19,16:26:22
12682,33.881881,-84.330777,300.1,0.000,,2013/01/19,16:26:27
12683,33.881935,-84.330531,301.5,0.000,,2013/01/19,16:26:32
12684,33.881949,-84.330328,300.1,0.000,,2013/01/19,16:26:36
12685,33.881956,-84.330228,300.1,0.000,,2013/01/19,16:26:39
12686,33.881856,-84.330081,304.9,0.000,,2013/01/19,16:26:44
12687,33.881682,-84.330009,309.7,0.000,,2013/01/19,16:26:50
12688,33.881557,-84.330017,309.7,0.000,,2013/01/19,16:26:55
12689,33.881382,-84.330045,309.7,0.000,,2013/01/19,16:27:00
12690,33.881184,-84.330041,308.7,0.000,,2013/01/19,16:27:06
12691,33.881021,-84.330043,307.8,0.000,,2013/01/19,16:27:11
12692,33.880746,-84.330038,305.8,0.000,,2013/01/19,16:27:20
12693,33.880556,-84.330015,305.4,0.000,,2013/01/19,16:27:27
12694,33.880490,-84.330013,306.8,0.000,,2013/01/19,16:27:32
12695,33.880468,-84.330022,306.8,0.000,,2013/01/19,16:27:34
12696,33.880429,-84.330158,306.8,0.000,,2013/01/19,16:27:39
12697,33.880432,-84.330234,306.8,0.000,,2013/01/19,16:27:41
12698,33.880388,-84.330589,307.3,0.000,,2013/01/19,16:27:49
12699,33.880365,-84.330870,308.7,0.000,,2013/01/19,16:27:55
12700,33.880323,-84.331119,311.1,0.000,,2013/01/19,16:28:00
12701,33.880293,-84.331417,309.2,0.000,,2013/01/19,16:28:06
12702,33.880277,-84.331572,308.7,0.000,,2013/01/19,16:28:09
12703,33.880290,-84.331955,307.3,0.000,,2013/01/19,16:28:17
12704,33.880354,-84.332397,307.8,0.000,,2013/01/19,16:28:26
12705,33.880428,-84.332710,304.4,0.000,,2013/01/19,16:28:32
12706,33.880432,-84.332898,311.6,0.000,,2013/01/19,16:28:36
12707,33.880517,-84.333334,310.6,0.000,,2013/01/19,16:28:45
12708,33.880631,-84.333671,306.8,0.000,,2013/01/19,16:28:52
12709,33.880796,-84.334032,304.9,0.000,,2013/01/19,16:29:00
12710,33.880861,-84.334165,302.0,0.000,,2013/01/19,16:29:03
12711,33.880913,-84.334325,297.7,0.000,,2013/01/19,16:29:06
12712,33.880907,-84.334563,301.0,0.000,,2013/01/19,16:29:11
12713,33.880797,-84.335010,305.8,0.000,,2013/01/19,16:29:20
12714,33.880713,-84.335355,306.8,0.000,,2013/01/19,16:29:27
12715,33.880674,-84.335518,309.7,0.000,,2013/01/19,16:29:32
12716,33.880627,-84.335729,312.1,0.000,,2013/01/19,16:29:38
12717,33.880561,-84.335982,311.1,0.000,,2013/01/19,16:29:45
12718,33.880519,-84.336170,311.6,0.000,,2013/01/19,16:29:50
12719,33.880469,-84.336375,315.4,0.000,,2013/01/19,16:29:55
12720,33.880387,-84.336609,315.4,0.000,,2013/01/19,16:29:59
12721,33.880315,-84.336816,317.4,0.000,,2013/01/19,16:30:02
12722,33.880197,-84.337287,320.3,0.000,,2013/01/19,16:30:08
12723,33.880181,-84.337372,319.8,0.000,,2013/01/19,16:30:09
12724,33.880138,-84.337967,318.3,0.000,,2013/01/19,16:30:16
12725,33.880144,-84.338049,317.9,0.000,,2013/01/19,16:30:17
12726,33.880207,-84.338413,314.0,0.000,,2013/01/19,16:30:22
12727,33.880258,-84.338734,314.0,0.000,,2013/01/19,16:30:27
12728,33.880308,-84.338987,312.1,0.000,,2013/01/19,16:30:32
12729,33.880372,-84.339280,307.8,0.000,,2013/01/19,16:30:38
12730,33.880381,-84.339331,306.8,0.000,,2013/01/19,16:30:39
12731,33.880416,-84.339641,305.8,0.000,,2013/01/19,16:30:45
12732,33.880477,-84.340079,305.4,0.000,,2013/01/19,16:30:53
12733,33.880515,-84.340402,306.8,0.000,,2013/01/19,16:30:59
12734,33.880526,-84.340457,306.3,0.000,,2013/01/19,16:31:00
12735,33.880559,-84.340727,306.8,0.000,,2013/01/19,16:31:05
12736,33.880590,-84.340994,308.2,0.000,,2013/01/19,16:31:10
12737,33.880637,-84.341391,308.7,0.000,,2013/01/19,16:31:17
12738,33.880642,-84.341455,309.2,0.000,,2013/01/19,16:31:18
12739,33.880664,-84.341577,309.7,0.000,,2013/01/19,16:31:20
12740,33.880693,-84.341844,310.6,0.000,,2013/01/19,16:31:24
12741,33.880698,-84.341989,312.6,0.000,,2013/01/19,16:31:28
12742,33.880717,-84.342102,311.6,0.000,,2013/01/19,16:31:33
12743,33.880809,-84.342418,304.9,0.000,,2013/01/19,16:31:41
12744,33.880859,-84.342627,301.5,0.000,,2013/01/19,16:31:45
12745,33.880925,-84.343005,300.1,0.000,,2013/01/19,16:31:51
12746,33.881010,-84.343353,294.8,0.000,,2013/01/19,16:31:56
12747,33.881037,-84.343432,293.3,0.000,,2013/01/19,16:31:57
12748,33.881103,-84.343878,291.9,0.000,,2013/01/19,16:32:03
12749,33.881166,-84.344172,290.9,0.000,,2013/01/19,16:32:07
12750,33.881226,-84.344582,293.8,0.000,,2013/01/19,16:32:13
12751,33.881284,-84.345044,298.1,0.000,,2013/01/19,16:32:20
12752,33.881321,-84.345431,302.5,0.000,,2013/01/19,16:32:27
12753,33.881350,-84.345667,303.9,0.000,,2013/01/19,16:32:33
12754,33.881335,-84.345833,310.6,0.000,,2013/01/19,16:32:39
12755,33.881345,-84.345896,310.2,0.000,,2013/01/19,16:32:41
12756,33.881255,-84.346022,310.2,0.000,,2013/01/19,16:32:45
12757,33.881188,-84.346068,310.2,0.000,,2013/01/19,16:32:47
12758,33.880897,-84.346276,309.2,0.000,,2013/01/19,16:32:54
12759,33.880519,-84.346523,304.9,0.000,,2013/01/19,16:33:02
12760,33.880280,-84.346653,303.9,0.000,,2013/01/19,16:33:07
12761,33.879983,-84.346835,302.5,0.000,,2013/01/19,16:33:13
12762,33.879612,-84.347067,303.0,0.000,,2013/01/19,16:33:20
12763,33.879403,-84.347210,303.0,0.000,,2013/01/19,16:33:24
12764,33.879348,-84.347245,302.5,0.000,,2013/01/19,16:33:25
12765,33.879187,-84.347355,302.5,0.000,,2013/01/19,16:33:28
12766,33.878784,-84.347605,300.5,0.000,,2013/01/19,16:33:35
12767,33.878425,-84.347810,299.6,0.000,,2013/01/19,16:33:41
12768,33.878314,-84.347879,299.6,0.000,,2013/01/19,16:33:43
12769,33.878217,-84.347930,299.6,0.000,,2013/01/19,16:33:45
12770,33.877992,-84.348067,300.5,0.000,,2013/01/19,16:33:51
12771,33.877824,-84.348080,304.4,0.000,,2013/01/19,16:33:56
12772,33.877627,-84.347975,306.8,0.000,,2013/01/19,16:34:02
12773,33.877431,-84.347855,307.8,0.000,,2013/01/19,16:34:07
12774,33.877335,-84.347801,308.2,0.000,,2013/01/19,16:34:09
12775,33.877218,-84.347712,308.7,0.000,,2013/01/19,16:34:12
12776,33.876835,-84.347494,308.7,0.000,,2013/01/19,16:34:20
12777,33.876743,-84.347437,309.7,0.000,,2013/01/19,16:34:22
12778,33.876649,-84.347391,310.6,0.000,,2013/01/19,16:34:24
12779,33.876456,-84.347250,311.6,0.000,,2013/01/19,16:34:29
12780,33.876221,-84.347131,313.5,0.000,,2013/01/19,16:34:34
12781,33.875998,-84.346988,316.9,0.000,,2013/01/19,16:34:39
12782,33.875792,-84.346885,316.9,0.000,,2013/01/19,16:34:44
12783,33.875663,-84.346813,317.9,0.000,,2013/01/19,16:34:47
12784,33.875492,-84.346710,315.4,0.000,,2013/01/19,16:34:51
12785,33.875402,-84.346645,314.5,0.000,,2013/01/19,16:34:53
12786,33.875108,-84.346459,309.2,0.000,,2013/01/19,16:34:59
12787,33.874763,-84.346225,304.9,0.000,,2013/01/19,16:35:04
12788,33.874358,-84.345968,301.5,0.000,,2013/01/19,16:35:09
12789,33.873825,-84.345655,299.6,0.000,,2013/01/19,16:35:16
12790,33.873755,-84.345613,299.1,0.000,,2013/01/19,16:35:17
12791,33.873345,-84.345438,298.1,0.000,,2013/01/19,16:35:23
12792,33.872853,-84.345347,298.1,0.000,,2013/01/19,16:35:31
12793,33.872432,-84.345255,298.6,0.000,,2013/01/19,16:35:39
12794,33.872296,-84.345235,298.6,0.000,,2013/01/19,16:35:42
12795,33.872063,-84.345210,298.6,0.000,,2013/01/19,16:35:49
12796,33.871891,-84.345220,298.6,0.000,,2013/01/19,16:35:54
12797,33.871678,-84.345248,298.1,0.000,,2013/01/19,16:35:59
12798,33.871527,-84.345254,297.7,0.000,,2013/01/19,16:36:03
12799,33.871238,-84.345268,295.7,0.000,,2013/01/19,16:36:09
12800,33.871185,-84.345271,295.7,0.000,,2013/01/19,16:36:10
12801,33.870896,-84.345261,295.3,0.000,,2013/01/19,16:36:16
12802,33.870646,-84.345306,293.8,0.000,,2013/01/19,16:36:21
12803,33.870540,-84.345338,292.4,0.000,,2013/01/19,16:36:23
12804,33.870273,-84.345394,289.5,0.000,,2013/01/19,16:36:28
12805,33.869954,-84.345412,288.5,0.000,,2013/01/19,16:36:33
12806,33.869478,-84.345458,286.6,0.000,,2013/01/19,16:36:40
12807,33.869174,-84.345453,286.6,0.000,,2013/01/19,16:36:44
12808,33.868758,-84.345354,282.8,0.000,,2013/01/19,16:36:49
12809,33.868400,-84.345175,279.9,0.000,,2013/01/19,16:36:53
12810,33.868248,-84.345034,278.9,0.000,,2013/01/19,16:36:55
12811,33.867955,-84.344692,283.2,0.000,,2013/01/19,16:37:00
12812,33.867758,-84.344494,284.2,0.000,,2013/01/19,16:37:05
12813,33.867690,-84.344428,285.6,0.000,,2013/01/19,16:37:07
12814,33.867565,-84.344309,288.1,0.000,,2013/01/19,16:37:12
12815,33.867461,-84.344169,289.5,0.000,,2013/01/19,16:37:17
12816,33.867334,-84.344018,292.9,0.000,,2013/01/19,16:37:22
12817,33.867184,-84.343843,294.3,0.000,,2013/01/19,16:37:27
12818,33.867088,-84.343726,299.6,0.000,,2013/01/19,16:37:32
12819,33.866972,-84.343576,306.3,0.000,,2013/01/19,16:37:40
12820,33.866885,-84.343452,311.1,0.000,,2013/01/19,16:37:47
12821,33.866879,-84.343433,310.6,0.000,,2013/01/19,16:37:48
12822,33.866810,-84.343359,306.8,0.000,,2013/01/19,16:37:54
12823,33.866643,-84.343209,304.9,0.000,,2013/01/19,16:38:03
12824,33.866524,-84.343106,303.9,0.000,,2013/01/19,16:38:11
12825,33.866439,-84.343025,302.0,0.000,,2013/01/19,16:38:18
12826,33.866381,-84.342956,296.7,0.000,,2013/01/19,16:38:25
12827,33.866370,-84.342936,296.7,0.000,,2013/01/19,16:38:26
12828,33.866287,-84.342832,295.3,0.000,,2013/01/19,16:38:33
12829,33.866186,-84.342733,295.3,0.000,,2013/01/19,16:38:39
12830,33.866077,-84.342639,295.7,0.000,,2013/01/19,16:38:45
12831,33.865863,-84.342510,300.1,0.000,,2013/01/19,16:38:54
12832,33.865682,-84.342470,301.0,0.000,,2013/01/19,16:38:59
12833,33.865492,-84.342496,299.6,0.000,,2013/01/19,16:39:03
12834,33.865330,-84.342534,299.1,0.000,,2013/01/19,16:39:06
12835,33.864964,-84.342767,295.3,0.000,,2013/01/19,16:39:13
12836,33.864838,-84.342877,293.8,0.000,,2013/01/19,16:39:16
12837,33.864642,-84.343045,290.9,0.000,,2013/01/19,16:39:21
12838,33.864443,-84.343203,288.5,0.000,,2013/01/19,16:39:26
12839,33.864263,-84.343263,287.1,0.000,,2013/01/19,16:39:30
12840,33.864131,-84.343201,285.6,0.000,,2013/01/19,16:39:33
12841,33.864037,-84.343145,284.7,0.000,,2013/01/19,16:39:35
12842,33.863729,-84.343070,285.2,0.000,,2013/01/19,16:39:41
12843,33.863578,-84.343153,285.2,0.000,,2013/01/19,16:39:44
12844,33.863504,-84.343245,285.2,0.000,,2013/01/19,16:39:46
12845,33.863331,-84.343483,286.1,0.000,,2013/01/19,16:39:51
12846,33.863163,-84.343643,285.6,0.000,,2013/01/19,16:39:55
12847,33.862885,-84.343753,285.2,0.000,,2013/01/19,16:40:01
12848,33.862621,-84.343783,285.6,0.000,,2013/01/19,16:40:07
12849,33.862411,-84.343699,287.1,0.000,,2013/01/19,16:40:12
12850,33.862163,-84.343523,292.4,0.000,,2013/01/19,16:40:19
12851,33.861946,-84.343397,294.3,0.000,,2013/01/19,16:40:26
12852,33.861758,-84.343314,293.3,0.000,,2013/01/19,16:40:32
12853,33.861587,-84.343194,294.3,0.000,,2013/01/19,16:40:38
12854,33.861449,-84.343109,292.9,0.000,,2013/01/19,16:40:43
12855,33.861271,-84.343020,292.4,0.000,,2013/01/19,16:40:50
12856,33.861146,-84.342935,293.3,0.000,,2013/01/19,16:40:55
12857,33.861003,-84.342828,292.9,0.000,,2013/01/19,16:41:00
12858,33.860858,-84.342637,293.8,0.000,,2013/01/19,16:41:06
12859,33.860738,-84.342411,295.3,0.000,,2013/01/19,16:41:12
12860,33.860668,-84.342216,293.3,0.000,,2013/01/19,16:41:17
12861,33.860607,-84.342056,292.4,0.000,,2013/01/19,16:41:20
12862,33.860587,-84.341699,291.9,0.000,,2013/01/19,16:41:26
12863,33.860605,-84.341504,291.9,0.000,,2013/01/19,16:41:31
12864,33.860590,-84.341307,295.7,0.000,,2013/01/19,16:41:38
12865,33.860595,-84.341206,293.8,0.000,,2013/01/19,16:41:44
12866,33.860599,-84.341129,292.9,0.000,,2013/01/19,16:41:49
12867,33.860586,-84.341020,293.8,0.000,,2013/01/19,16:41:55
12868,33.860570,-84.340890,295.7,0.000,,2013/01/19,16:42:01
12869,33.860567,-84.340751,295.7,0.000,,2013/01/19,16:42:07
12870,33.860581,-84.340531,296.2,0.000,,2013/01/19,16:42:17
12871,33.860603,-84.340287,297.2,0.000,,2013/01/19,16:42:27
12872,33.860601,-84.340252,298.1,0.000,,2013/01/19,16:42:31
12873,33.860617,-84.340229,298.1,0.000,,2013/01/19,16:42:54
12874,33.860625,-84.340293,291.4,0.000,,2013/01/19,16:43:17
12875,33.860628,-84.340284,286.1,0.000,,2013/01/19,16:43:48
12876,33.860640,-84.340028,288.5,0.000,,2013/01/19,16:43:53
12877,33.860676,-84.339588,288.5,0.000,,2013/01/19,16:44:00
12878,33.860711,-84.339182,287.1,0.000,,2013/01/19,16:44:05
12879,33.860710,-84.338639,286.1,0.000,,2013/01/19,16:44:10
12880,33.860665,-84.338176,285.6,0.000,,2013/01/19,16:44:14
12881,33.860572,-84.337239,286.1,0.000,,2013/01/19,16:44:22
12882,33.860509,-84.336497,287.1,0.000,,2013/01/19,16:44:29
12883,33.860441,-84.335671,287.1,0.000,,2013/01/19,16:44:37
12884,33.860374,-84.334924,284.7,0.000,,2013/01/19,16:44:44
12885,33.860381,-84.334358,281.3,0.000,,2013/01/19,16:44:49
12886,33.860428,-84.333760,279.4,0.000,,2013/01/19,16:44:55
12887,33.860537,-84.333004,281.8,0.000,,2013/01/19,16:45:03
12888,33.860620,-84.332518,283.2,0.000,,2013/01/19,16:45:09
12889,33.860676,-84.332253,284.2,0.000,,2013/01/19,16:45:13
12890,33.860832,-84.332105,286.1,0.000,,2013/01/19,16:45:17
12891,33.860901,-84.332126,286.6,0.000,,2013/01/19,16:45:19
12892,33.861128,-84.332111,290.0,0.000,,2013/01/19,16:45:24
12893,33.861368,-84.332087,288.1,0.000,,2013/01/19,16:45:30
12894,33.861574,-84.332080,286.6,0.000,,2013/01/19,16:45:37
12895,33.861657,-84.332199,286.6,0.000,,2013/01/19,16:45:42
12896,33.861663,-84.332289,286.6,0.000,,2013/01/19,16:45:45
12897,33.861663,-84.332454,286.1,0.000,,2013/01/19,16:45:50
12898,33.861763,-84.332502,283.7,0.000,,2013/01/19,16:45:55
12899,33.861879,-84.332491,284.2,0.000,,2013/01/19,16:45:59
12900,33.862054,-84.332484,287.1,0.000,,2013/01/19,16:46:04
12901,33.862216,-84.332464,290.5,0.000,,2013/01/19,16:46:09
12902,33.862392,-84.332444,294.3,0.000,,2013/01/19,16:46:15
12903,33.862575,-84.332463,297.7,0.000,,2013/01/19,16:46:22
12904,33.862698,-84.332453,298.6,0.000,,2013/01/19,16:46:27
12905,33.862715,-84.332453,298.6,0.000,,2013/01/19,16:46:28
12906,33.862825,-84.332421,298.1,0.000,,2013/01/19,16:46:34
12907,33.862941,-84.332422,297.7,0.000,,2013/01/19,16:46:40
12908,33.862959,-84.332422,297.7,0.000,,2013/01/19,16:46:41
12909,33.863076,-84.332435,298.6,0.000,,2013/01/19,16:46:47
12910,33.863233,-84.332449,298.1,0.000,,2013/01/19,16:46:54
12911,33.863283,-84.332443,298.6,0.000,,2013/01/19,16:46:57
12912,33.863326,-84.332451,299.1,0.000,,2013/01/19,16:47:01
12913,33.863354,-84.332456,300.5,0.000,,2013/01/19,16:47:04
12914,33.863492,-84.332451,296.7,0.000,,2013/01/19,16:47:12
12915,33.863644,-84.332442,297.7,0.000,,2013/01/19,16:47:17
12916,33.863859,-84.332432,297.7,0.000,,2013/01/19,16:47:21
12917,33.864214,-84.332417,295.7,0.000,,2013/01/19,16:47:25
12918,33.864720,-84.332409,295.3,0.000,,2013/01/19,16:47:29
12919,33.865088,-84.332368,294.3,0.000,,2013/01/19,16:47:33
12920,33.865338,-84.332236,294.8,0.000,,2013/01/19,16:47:37
12921,33.865531,-84.332096,292.4,0.000,,2013/01/19,16:47:42
12922,33.865691,-84.332002,293.8,0.000,,2013/01/19,16:47:47
12923,33.865849,-84.331902,296.7,0.000,,2013/01/19,16:47:52
12924,33.865980,-84.331835,295.3,0.000,,2013/01/19,16:47:57
12925,33.866117,-84.331776,292.4,0.000,,2013/01/19,16:48:01
12926,33.866325,-84.331626,293.3,0.000,,2013/01/19,16:48:05
12927,33.866677,-84.331402,295.3,0.000,,2013/01/19,16:48:11
12928,33.866916,-84.331201,296.7,0.000,,2013/01/19,16:48:16
12929,33.866949,-84.331176,297.7,0.000,,2013/01/19,16:48:17
12930,33.867077,-84.331173,295.3,0.000,,2013/01/19,16:48:22
12931,33.867103,-84.331233,293.3,0.000,,2013/01/19,16:48:25
12932,33.867169,-84.331388,292.4,0.000,,2013/01/19,16:48:32
12933,33.867229,-84.331502,291.9,0.000,,2013/01/19,16:48:37
12934,33.867260,-84.331576,293.3,0.000,,2013/01/19,16:48:40
12935,33.867343,-84.331706,296.7,0.000,,2013/01/19,16:48:46
12936,33.867373,-84.331766,296.2,0.000,,2013/01/19,16:48:48
12937,33.867452,-84.331939,291.4,0.000,,2013/01/19,16:48:54
12938,33.867517,-84.332041,287.6,0.000,,2013/01/19,16:48:58
12939,33.867582,-84.332082,290.5,0.000,,2013/01/19,16:49:01
12940,33.867631,-84.332092,293.3,0.000,,2013/01/19,16:49:04
12941,33.867725,-84.332083,298.1,0.000,,2013/01/19,16:49:10
12942,33.867877,-84.332018,294.3,0.000,,2013/01/19,16:49:15
12943,33.868038,-84.331921,288.1,0.000,,2013/01/19,16:49:22
12944,33.868209,-84.331808,288.1,0.000,,2013/01/19,16:49:28
12945,33.868389,-84.331702,286.6,0.000,,2013/01/19,16:49:33
12946,33.868578,-84.331579,284.7,0.000,,2013/01/19,16:49:37
12947,33.868702,-84.331510,283.7,0.000,,2013/01/19,16:49:39
12948,33.868951,-84.331379,287.6,0.000,,2013/01/19,16:49:42
12949,33.869101,-84.331415,289.0,0.000,,2013/01/19,16:49:46
12950,33.869173,-84.331519,292.9,0.000,,2013/01/19,16:49:51
12951,33.869194,-84.331601,290.5,0.000,,2013/01/19,16:49:55
12952,33.869181,-84.331635,290.9,0.000,,2013/01/19,16:50:06
12953,33.869211,-84.331692,291.4,0.000,,2013/01/19,16:50:13
12954,33.869202,-84.331741,291.9,0.000,,2013/01/19,16:50:19
12955,33.869181,-84.331757,292.4,0.000,,2013/01/19,16:50:24
12956,33.869104,-84.331894,292.4,0.000,,2013/01/19,16:50:30
12957,33.868902,-84.332030,291.9,0.000,,2013/01/19,16:50:38
12958,33.868752,-84.332119,293.8,0.000,,2013/01/19,16:50:46
12959,33.868739,-84.332207,293.8,0.000,,2013/01/19,16:50:50
12960,33.868745,-84.332267,294.3,0.000,,2013/01/19,16:50:52
12961,33.868673,-84.332373,294.8,0.000,,2013/01/19,16:50:57
12962,33.868572,-84.332458,297.7,0.000,,2013/01/19,16:51:03
12963,33.868439,-84.332580,298.1,0.000,,2013/01/19,16:51:13
12964,33.868357,-84.332654,300.1,0.000,,2013/01/19,16:51:19
12965,33.868384,-84.332808,301.5,0.000,,2013/01/19,16:51:25
12966,33.868451,-84.332939,302.0,0.000,,2013/01/19,16:51:31
12967,33.868572,-84.332966,301.0,0.000,,2013/01/19,16:51:37
12968,33.868620,-84.332994,298.6,0.000,,2013/01/19,16:51:39
12969,33.868725,-84.333081,299.6,0.000,,2013/01/19,16:51:45
12970,33.868742,-84.333095,308.2,0.000,,2013/01/19,16:51:50
12971,33.868756,-84.333130,310.2,0.000,,2013/01/19,16:51:59
12972,33.868764,-84.333132,313.0,0.000,,2013/01/19,16:52:06
12973,33.868803,-84.333077,310.2,0.000,,2013/01/19,16:52:12
12974,33.868844,-84.333053,310.2,0.000,,2013/01/19,16:52:21
12975,33.868928,-84.333112,282.3,0.000,,2013/01/19,16:52:49
