No,Latitude,Longitude,Altitude,Depth,Heartrate,Date,Time
11564,33.745491,-84.369526,328.4,0.000,,2013/03/09,16:16:05
11565,33.745551,-84.369595,320.3,0.000,,2013/03/09,16:16:11
11566,33.745551,-84.369682,320.7,0.000,,2013/03/09,16:16:14
11567,33.745543,-84.369961,317.9,0.000,,2013/03/09,16:16:19
11568,33.745545,-84.370222,316.4,0.000,,2013/03/09,16:16:23
11569,33.745545,-84.370830,320.3,0.000,,2013/03/09,16:16:32
11570,33.745538,-84.371114,316.9,0.000,,2013/03/09,16:16:37
11571,33.745551,-84.371495,312.6,0.000,,2013/03/09,16:16:44
11572,33.745565,-84.371852,312.1,0.000,,2013/03/09,16:16:50
11573,33.745595,-84.372094,315.9,0.000,,2013/03/09,16:16:54
11574,33.745595,-84.372399,317.4,0.000,,2013/03/09,16:17:00
11575,33.745577,-84.372758,314.0,0.000,,2013/03/09,16:17:08
11576,33.745557,-84.373009,311.6,0.000,,2013/03/09,16:17:14
11577,33.745562,-84.373199,310.2,0.000,,2013/03/09,16:17:18
11578,33.745563,-84.373279,310.2,0.000,,2013/03/09,16:17:22
11579,33.745554,-84.373325,309.7,0.000,,2013/03/09,16:17:24
11580,33.745388,-84.373441,309.7,0.000,,2013/03/09,16:17:29
11581,33.745178,-84.373431,308.7,0.000,,2013/03/09,16:17:34
11582,33.745133,-84.373425,308.7,0.000,,2013/03/09,16:17:35
11583,33.744686,-84.373404,310.6,0.000,,2013/03/09,16:17:44
11584,33.744496,-84.373387,314.5,0.000,,2013/03/09,16:17:47
11585,33.744218,-84.373370,320.3,0.000,,2013/03/09,16:17:52
11586,33.743942,-84.373352,321.7,0.000,,2013/03/09,16:17:57
11587,33.743613,-84.373368,318.8,0.000,,2013/03/09,16:18:02
11588,33.743176,-84.373403,315.9,0.000,,2013/03/09,16:18:09
11589,33.743009,-84.373401,315.4,0.000,,2013/03/09,16:18:12
11590,33.742711,-84.373347,315.0,0.000,,2013/03/09,16:18:16
11591,33.742433,-84.373328,317.9,0.000,,2013/03/09,16:18:20
11592,33.742295,-84.373354,315.0,0.000,,2013/03/09,16:18:23
11593,33.741955,-84.373477,309.7,0.000,,2013/03/09,16:18:30
11594,33.741909,-84.373500,309.7,0.000,,2013/03/09,16:18:31
11595,33.741775,-84.373552,307.8,0.000,,2013/03/09,16:18:34
11596,33.741643,-84.373605,305.8,0.000,,2013/03/09,16:18:39
11597,33.741415,-84.373659,303.9,0.000,,2013/03/09,16:18:44
11598,33.741373,-84.373660,303.0,0.000,,2013/03/09,16:18:45
11599,33.740998,-84.373668,299.6,0.000,,2013/03/09,16:18:50
11600,33.740632,-84.373656,297.2,0.000,,2013/03/09,16:18:55
11601,33.740241,-84.373660,295.3,0.000,,2013/03/09,16:18:59
11602,33.739702,-84.373660,293.8,0.000,,2013/03/09,16:19:04
11603,33.739198,-84.373641,297.2,0.000,,2013/03/09,16:19:09
11604,33.738675,-84.373678,294.8,0.000,,2013/03/09,16:19:15
11605,33.738378,-84.373690,294.3,0.000,,2013/03/09,16:19:19
11606,33.737987,-84.373693,294.3,0.000,,2013/03/09,16:19:25
11607,33.737819,-84.373697,294.8,0.000,,2013/03/09,16:19:28
11608,33.737657,-84.373705,296.2,0.000,,2013/03/09,16:19:31
11609,33.737477,-84.373697,296.7,0.000,,2013/03/09,16:19:35
11610,33.737219,-84.373698,297.2,0.000,,2013/03/09,16:19:41
11611,33.737183,-84.373700,297.2,0.000,,2013/03/09,16:19:42
11612,33.736948,-84.373690,299.1,0.000,,2013/03/09,16:19:49
11613,33.736786,-84.373697,298.1,0.000,,2013/03/09,16:19:55
11614,33.736717,-84.373716,298.1,0.000,,2013/03/09,16:19:58
11615,33.736669,-84.373819,297.2,0.000,,2013/03/09,16:20:02
11616,33.736681,-84.374143,296.2,0.000,,2013/03/09,16:20:10
11617,33.736682,-84.374352,294.3,0.000,,2013/03/09,16:20:16
11618,33.736684,-84.374640,294.8,0.000,,2013/03/09,16:20:24
11619,33.736686,-84.374813,294.8,0.000,,2013/03/09,16:20:29
11620,33.736684,-84.375035,295.3,0.000,,2013/03/09,16:20:36
11621,33.736685,-84.375247,296.2,0.000,,2013/03/09,16:20:42
11622,33.736678,-84.375492,299.6,0.000,,2013/03/09,16:20:48
11623,33.736689,-84.375763,305.4,0.000,,2013/03/09,16:20:54
11624,33.736689,-84.376126,306.8,0.000,,2013/03/09,16:21:02
11625,33.736697,-84.376570,310.6,0.000,,2013/03/09,16:21:10
11626,33.736712,-84.376795,309.7,0.000,,2013/03/09,16:21:15
11627,33.736718,-84.376932,307.8,0.000,,2013/03/09,16:21:20
11628,33.736723,-84.377174,306.3,0.000,,2013/03/09,16:21:25
11629,33.736740,-84.377636,304.4,0.000,,2013/03/09,16:21:32
11630,33.736757,-84.378219,302.0,0.000,,2013/03/09,16:21:39
11631,33.736774,-84.378965,297.2,0.000,,2013/03/09,16:21:47
11632,33.736780,-84.379453,293.3,0.000,,2013/03/09,16:21:52
11633,33.736807,-84.380090,288.5,0.000,,2013/03/09,16:21:58
11634,33.736813,-84.380816,284.7,0.000,,2013/03/09,16:22:04
11635,33.736823,-84.381439,284.7,0.000,,2013/03/09,16:22:10
11636,33.736835,-84.381856,280.8,0.000,,2013/03/09,16:22:15
11637,33.736839,-84.381931,281.3,0.000,,2013/03/09,16:22:16
11638,33.736861,-84.382148,280.8,0.000,,2013/03/09,16:22:19
11639,33.736868,-84.382277,280.4,0.000,,2013/03/09,16:22:21
11640,33.736858,-84.382823,283.2,0.000,,2013/03/09,16:22:29
11641,33.736859,-84.383389,285.6,0.000,,2013/03/09,16:22:38
11642,33.736862,-84.383836,288.1,0.000,,2013/03/09,16:22:46
11643,33.736854,-84.384170,289.5,0.000,,2013/03/09,16:22:52
11644,33.736869,-84.384616,290.9,0.000,,2013/03/09,16:23:00
11645,33.736870,-84.385064,291.4,0.000,,2013/03/09,16:23:08
11646,33.736870,-84.385624,294.3,0.000,,2013/03/09,16:23:18
11647,33.736863,-84.385777,295.3,0.000,,2013/03/09,16:23:21
11648,33.736877,-84.386236,296.7,0.000,,2013/03/09,16:23:30
11649,33.736911,-84.386647,297.2,0.000,,2013/03/09,16:23:38
11650,33.736916,-84.387016,297.2,0.000,,2013/03/09,16:23:44
11651,33.736929,-84.387496,294.8,0.000,,2013/03/09,16:23:52
11652,33.736948,-84.387664,293.8,0.000,,2013/03/09,16:23:57
11653,33.736955,-84.387721,294.3,0.000,,2013/03/09,16:24:03
11654,33.736951,-84.387775,299.6,0.000,,2013/03/09,16:24:35
11655,33.736978,-84.387896,299.1,0.000,,2013/03/09,16:24:39
11656,33.737056,-84.388170,298.6,0.000,,2013/03/09,16:24:44
11657,33.737285,-84.388554,297.2,0.000,,2013/03/09,16:24:51
11658,33.737463,-84.388956,296.2,0.000,,2013/03/09,16:24:57
11659,33.737537,-84.389348,294.8,0.000,,2013/03/09,16:25:02
11660,33.737516,-84.389731,292.9,0.000,,2013/03/09,16:25:07
11661,33.737368,-84.390175,292.9,0.000,,2013/03/09,16:25:13
11662,33.737191,-84.390446,290.0,0.000,,2013/03/09,16:25:18
11663,33.737114,-84.390552,288.1,0.000,,2013/03/09,16:25:21
11664,33.737090,-84.390601,289.0,0.000,,2013/03/09,16:25:26
11665,33.737068,-84.390654,289.0,0.000,,2013/03/09,16:25:35
11666,33.737028,-84.390740,288.5,0.000,,2013/03/09,16:25:42
11667,33.737011,-84.390769,289.5,0.000,,2013/03/09,16:25:56
11668,33.736991,-84.390830,290.9,0.000,,2013/03/09,16:26:06
11669,33.736970,-84.390928,290.5,0.000,,2013/03/09,16:26:10
11670,33.736952,-84.391154,288.5,0.000,,2013/03/09,16:26:15
11671,33.736946,-84.391487,286.6,0.000,,2013/03/09,16:26:21
11672,33.736928,-84.391756,290.9,0.000,,2013/03/09,16:26:26
11673,33.736983,-84.391957,287.1,0.000,,2013/03/09,16:26:31
11674,33.736963,-84.392151,283.7,0.000,,2013/03/09,16:26:37
11675,33.736972,-84.392356,281.8,0.000,,2013/03/09,16:26:42
11676,33.736956,-84.392552,287.6,0.000,,2013/03/09,16:26:48
11677,33.736951,-84.392823,289.0,0.000,,2013/03/09,16:26:54
11678,33.736932,-84.393032,290.5,0.000,,2013/03/09,16:27:00
11679,33.736920,-84.393289,293.3,0.000,,2013/03/09,16:27:08
11680,33.736923,-84.393395,294.8,0.000,,2013/03/09,16:27:15
11681,33.736926,-84.393411,298.1,0.000,,2013/03/09,16:27:42
11682,33.736926,-84.393466,297.2,0.000,,2013/03/09,16:27:47
11683,33.736922,-84.393653,297.7,0.000,,2013/03/09,16:27:52
11684,33.736933,-84.393909,296.2,0.000,,2013/03/09,16:27:59
11685,33.736941,-84.394189,295.3,0.000,,2013/03/09,16:28:07
11686,33.736931,-84.394415,296.2,0.000,,2013/03/09,16:28:13
11687,33.736933,-84.394775,297.7,0.000,,2013/03/09,16:28:22
11688,33.736934,-84.395091,297.7,0.000,,2013/03/09,16:28:30
11689,33.736936,-84.395321,298.6,0.000,,2013/03/09,16:28:36
11690,33.736943,-84.395651,299.6,0.000,,2013/03/09,16:28:44
11691,33.736955,-84.395945,299.1,0.000,,2013/03/09,16:28:52
11692,33.736962,-84.396249,302.0,0.000,,2013/03/09,16:29:00
11693,33.736982,-84.396536,303.4,0.000,,2013/03/09,16:29:08
11694,33.736994,-84.396803,303.4,0.000,,2013/03/09,16:29:16
11695,33.737001,-84.397090,304.9,0.000,,2013/03/09,16:29:24
11696,33.737008,-84.397361,306.3,0.000,,2013/03/09,16:29:31
11697,33.737032,-84.397590,304.9,0.000,,2013/03/09,16:29:37
11698,33.737029,-84.397884,304.4,0.000,,2013/03/09,16:29:43
11699,33.737020,-84.398285,304.9,0.000,,2013/03/09,16:29:51
11700,33.737030,-84.398630,303.9,0.000,,2013/03/09,16:29:57
11701,33.737044,-84.398970,303.0,0.000,,2013/03/09,16:30:03
11702,33.737046,-84.399381,302.0,0.000,,2013/03/09,16:30:10
11703,33.737078,-84.399663,300.1,0.000,,2013/03/09,16:30:16
11704,33.737092,-84.399992,300.5,0.000,,2013/03/09,16:30:23
11705,33.737108,-84.400336,297.2,0.000,,2013/03/09,16:30:31
11706,33.737118,-84.400906,298.6,0.000,,2013/03/09,16:30:41
11707,33.737128,-84.401442,300.1,0.000,,2013/03/09,16:30:50
11708,33.737140,-84.402025,301.5,0.000,,2013/03/09,16:30:59
11709,33.737162,-84.402522,299.1,0.000,,2013/03/09,16:31:06
11710,33.737097,-84.403078,296.7,0.000,,2013/03/09,16:31:13
11711,33.736973,-84.403596,297.7,0.000,,2013/03/09,16:31:19
11712,33.736878,-84.403891,296.7,0.000,,2013/03/09,16:31:23
11713,33.736756,-84.404256,299.6,0.000,,2013/03/09,16:31:27
11714,33.736678,-84.404766,298.6,0.000,,2013/03/09,16:31:34
11715,33.736709,-84.405320,297.7,0.000,,2013/03/09,16:31:41
11716,33.736811,-84.405776,294.8,0.000,,2013/03/09,16:31:47
11717,33.736997,-84.406180,294.8,0.000,,2013/03/09,16:31:53
11718,33.737164,-84.406406,297.2,0.000,,2013/03/09,16:31:58
11719,33.737299,-84.406591,299.6,0.000,,2013/03/09,16:32:03
11720,33.737388,-84.406703,300.1,0.000,,2013/03/09,16:32:06
11721,33.737622,-84.407067,303.0,0.000,,2013/03/09,16:32:15
11722,33.737646,-84.407102,303.4,0.000,,2013/03/09,16:32:16
11723,33.737704,-84.407217,304.9,0.000,,2013/03/09,16:32:19
11724,33.737929,-84.407595,306.8,0.000,,2013/03/09,16:32:29
11725,33.738040,-84.407739,308.2,0.000,,2013/03/09,16:32:37
11726,33.738065,-84.407778,308.7,0.000,,2013/03/09,16:32:40
11727,33.738080,-84.407838,316.9,0.000,,2013/03/09,16:32:49
11728,33.738212,-84.408036,316.4,0.000,,2013/03/09,16:32:55
11729,33.738280,-84.408263,315.0,0.000,,2013/03/09,16:33:00
11730,33.738284,-84.408516,314.0,0.000,,2013/03/09,16:33:05
11731,33.738282,-84.408619,313.5,0.000,,2013/03/09,16:33:07
11732,33.738321,-84.408890,312.1,0.000,,2013/03/09,16:33:12
11733,33.738317,-84.409237,310.2,0.000,,2013/03/09,16:33:18
11734,33.738300,-84.409674,311.1,0.000,,2013/03/09,16:33:25
11735,33.738330,-84.410056,308.7,0.000,,2013/03/09,16:33:32
11736,33.738324,-84.410371,309.7,0.000,,2013/03/09,16:33:37
11737,33.738344,-84.410919,311.1,0.000,,2013/03/09,16:33:46
11738,33.738341,-84.410986,311.6,0.000,,2013/03/09,16:33:47
11739,33.738312,-84.411645,319.3,0.000,,2013/03/09,16:33:58
11740,33.738330,-84.411901,317.9,0.000,,2013/03/09,16:34:05
11741,33.738333,-84.412184,318.3,0.000,,2013/03/09,16:34:12
11742,33.738351,-84.412459,316.4,0.000,,2013/03/09,16:34:18
11743,33.738368,-84.412578,312.6,0.000,,2013/03/09,16:34:21
11744,33.738368,-84.412863,308.7,0.000,,2013/03/09,16:34:26
11745,33.738338,-84.413186,310.6,0.000,,2013/03/09,16:34:31
11746,33.738327,-84.413644,313.5,0.000,,2013/03/09,16:34:39
11747,33.738333,-84.414228,313.0,0.000,,2013/03/09,16:34:50
11748,33.738318,-84.414601,315.0,0.000,,2013/03/09,16:34:56
11749,33.738318,-84.415145,315.0,0.000,,2013/03/09,16:35:05
11750,33.738312,-84.415804,315.9,0.000,,2013/03/09,16:35:16
11751,33.738282,-84.416210,315.9,0.000,,2013/03/09,16:35:23
11752,33.738233,-84.416652,316.9,0.000,,2013/03/09,16:35:31
11753,33.738151,-84.417146,322.2,0.000,,2013/03/09,16:35:41
11754,33.738124,-84.417357,323.1,0.000,,2013/03/09,16:35:48
11755,33.738125,-84.417389,322.2,0.000,,2013/03/09,16:35:52
11756,33.738122,-84.417440,321.2,0.000,,2013/03/09,16:35:58
11757,33.738109,-84.417587,321.2,0.000,,2013/03/09,16:36:05
11758,33.738105,-84.417629,320.3,0.000,,2013/03/09,16:36:20
11759,33.738085,-84.417822,319.8,0.000,,2013/03/09,16:36:27
11760,33.738078,-84.418026,318.8,0.000,,2013/03/09,16:36:31
11761,33.738072,-84.418465,319.3,0.000,,2013/03/09,16:36:38
11762,33.738073,-84.418583,318.8,0.000,,2013/03/09,16:36:40
11763,33.738056,-84.419034,318.3,0.000,,2013/03/09,16:36:47
11764,33.738044,-84.419574,318.8,0.000,,2013/03/09,16:36:55
11765,33.738058,-84.420249,320.3,0.000,,2013/03/09,16:37:04
11766,33.738055,-84.420409,320.7,0.000,,2013/03/09,16:37:07
11767,33.738057,-84.420458,320.7,0.000,,2013/03/09,16:37:09
11768,33.738061,-84.420501,322.2,0.000,,2013/03/09,16:37:15
11769,33.738066,-84.420510,321.7,0.000,,2013/03/09,16:37:19
11770,33.738131,-84.420712,319.8,0.000,,2013/03/09,16:37:24
11771,33.738198,-84.421148,316.4,0.000,,2013/03/09,16:37:30
11772,33.738242,-84.421538,315.0,0.000,,2013/03/09,16:37:35
11773,33.738241,-84.421596,315.0,0.000,,2013/03/09,16:37:36
11774,33.738254,-84.421750,315.4,0.000,,2013/03/09,16:37:41
11775,33.738263,-84.421868,314.5,0.000,,2013/03/09,16:37:47
11776,33.738289,-84.421974,314.0,0.000,,2013/03/09,16:37:52
11777,33.738325,-84.422051,313.0,0.000,,2013/03/09,16:37:57
11778,33.738261,-84.422217,312.1,0.000,,2013/03/09,16:38:03
11779,33.738189,-84.422247,311.1,0.000,,2013/03/09,16:38:08
11780,33.738172,-84.422224,311.6,0.000,,2013/03/09,16:38:10
11781,33.738164,-84.422143,312.1,0.000,,2013/03/09,16:38:16
11782,33.738137,-84.422125,312.1,0.000,,2013/03/09,16:38:24
11783,33.738094,-84.422120,313.5,0.000,,2013/03/09,16:38:28
11784,33.738100,-84.422118,313.5,0.000,,2013/03/09,16:38:29
11785,33.738114,-84.422131,309.2,0.000,,2013/03/09,16:38:36
11786,33.738100,-84.422132,310.2,0.000,,2013/03/09,16:38:37
11787,33.738061,-84.422116,309.7,0.000,,2013/03/09,16:38:40
11788,33.737978,-84.422105,310.2,0.000,,2013/03/09,16:38:47
11789,33.737928,-84.422089,309.7,0.000,,2013/03/09,16:38:52
11790,33.737880,-84.422051,312.6,0.000,,2013/03/09,16:38:57
11791,33.737857,-84.422049,316.9,0.000,,2013/03/09,16:39:04
11792,33.737840,-84.422037,322.7,0.000,,2013/03/09,16:39:11
11793,33.737866,-84.422056,323.6,0.000,,2013/03/09,16:39:17
11794,33.737913,-84.422069,318.8,0.000,,2013/03/09,16:39:26
11795,33.738004,-84.422080,317.9,0.000,,2013/03/09,16:39:35
11796,33.738038,-84.422094,318.3,0.000,,2013/03/09,16:39:41
11797,33.738116,-84.422126,315.4,0.000,,2013/03/09,16:39:48
11798,33.738154,-84.422112,316.9,0.000,,2013/03/09,16:39:54
11799,33.738160,-84.422092,318.8,0.000,,2013/03/09,16:40:00
11800,33.738157,-84.422070,318.3,0.000,,2013/03/09,16:40:02
11801,33.738146,-84.421910,319.3,0.000,,2013/03/09,16:40:09
11802,33.738124,-84.421741,319.3,0.000,,2013/03/09,16:40:13
11803,33.738068,-84.421371,320.3,0.000,,2013/03/09,16:40:20
11804,33.738007,-84.420943,318.3,0.000,,2013/03/09,16:40:28
11805,33.737971,-84.420537,320.7,0.000,,2013/03/09,16:40:36
11806,33.737940,-84.420279,320.3,0.000,,2013/03/09,16:40:42
11807,33.737898,-84.419896,317.9,0.000,,2013/03/09,16:40:51
11808,33.737890,-84.419567,316.4,0.000,,2013/03/09,16:40:59
11809,33.737894,-84.419275,316.4,0.000,,2013/03/09,16:41:05
11810,33.737901,-84.419057,316.9,0.000,,2013/03/09,16:41:09
11811,33.737899,-84.418865,317.4,0.000,,2013/03/09,16:41:13
11812,33.737905,-84.418597,318.3,0.000,,2013/03/09,16:41:18
11813,33.737916,-84.418336,317.9,0.000,,2013/03/09,16:41:23
11814,33.737931,-84.418067,316.4,0.000,,2013/03/09,16:41:29
11815,33.737939,-84.418001,315.4,0.000,,2013/03/09,16:41:33
11816,33.738001,-84.417886,328.9,0.000,,2013/03/09,16:42:03
11817,33.738008,-84.417749,328.9,0.000,,2013/03/09,16:42:08
11818,33.738011,-84.417493,327.5,0.000,,2013/03/09,16:42:15
11819,33.738027,-84.417319,325.1,0.000,,2013/03/09,16:42:19
11820,33.738066,-84.416986,325.5,0.000,,2013/03/09,16:42:26
11821,33.738099,-84.416581,327.5,0.000,,2013/03/09,16:42:33
11822,33.738163,-84.416049,324.1,0.000,,2013/03/09,16:42:42
11823,33.738187,-84.415878,322.2,0.000,,2013/03/09,16:42:45
11824,33.738242,-84.415396,322.7,0.000,,2013/03/09,16:42:54
11825,33.738241,-84.415045,327.0,0.000,,2013/03/09,16:43:01
11826,33.738227,-84.414806,333.7,0.000,,2013/03/09,16:43:08
11827,33.738212,-84.414747,330.8,0.000,,2013/03/09,16:43:15
11828,33.738219,-84.414726,331.8,0.000,,2013/03/09,16:43:17
11829,33.738259,-84.414551,331.8,0.000,,2013/03/09,16:43:21
11830,33.738307,-84.414372,327.5,0.000,,2013/03/09,16:43:25
11831,33.738302,-84.414280,325.1,0.000,,2013/03/09,16:43:29
11832,33.738307,-84.414175,323.6,0.000,,2013/03/09,16:43:34
11833,33.738331,-84.414147,325.1,0.000,,2013/03/09,16:43:40
11834,33.738331,-84.414095,324.6,0.000,,2013/03/09,16:43:47
11835,33.738330,-84.414065,325.5,0.000,,2013/03/09,16:43:53
11836,33.738330,-84.414044,326.0,0.000,,2013/03/09,16:43:54
11837,33.738428,-84.413995,325.1,0.000,,2013/03/09,16:43:58
11838,33.738604,-84.414002,322.7,0.000,,2013/03/09,16:44:02
11839,33.738869,-84.413999,322.2,0.000,,2013/03/09,16:44:07
11840,33.738919,-84.414000,322.2,0.000,,2013/03/09,16:44:08
11841,33.739231,-84.413995,323.6,0.000,,2013/03/09,16:44:15
11842,33.739457,-84.413994,322.7,0.000,,2013/03/09,16:44:20
11843,33.739787,-84.414034,322.2,0.000,,2013/03/09,16:44:27
11844,33.739879,-84.414019,318.3,0.000,,2013/03/09,16:44:33
11845,33.739926,-84.414021,315.9,0.000,,2013/03/09,16:44:38
11846,33.740070,-84.414014,315.4,0.000,,2013/03/09,16:44:42
11847,33.740353,-84.414012,316.4,0.000,,2013/03/09,16:44:49
11848,33.740695,-84.413997,319.3,0.000,,2013/03/09,16:44:57
11849,33.741010,-84.413983,320.3,0.000,,2013/03/09,16:45:04
11850,33.741172,-84.413961,321.2,0.000,,2013/03/09,16:45:08
11851,33.741319,-84.413955,322.2,0.000,,2013/03/09,16:45:12
11852,33.741618,-84.413946,322.2,0.000,,2013/03/09,16:45:21
11853,33.741733,-84.413940,319.3,0.000,,2013/03/09,16:45:27
11854,33.741768,-84.413946,320.7,0.000,,2013/03/09,16:45:33
11855,33.741855,-84.413967,327.9,0.000,,2013/03/09,16:45:51
11856,33.742023,-84.414002,326.0,0.000,,2013/03/09,16:45:57
11857,33.742264,-84.413977,323.6,0.000,,2013/03/09,16:46:03
11858,33.742359,-84.413962,321.7,0.000,,2013/03/09,16:46:05
11859,33.742577,-84.413950,319.3,0.000,,2013/03/09,16:46:08
11860,33.743072,-84.414015,315.9,0.000,,2013/03/09,16:46:13
11861,33.743376,-84.413989,310.2,0.000,,2013/03/09,16:46:18
11862,33.743949,-84.413932,305.8,0.000,,2013/03/09,16:46:25
11863,33.744230,-84.413926,304.9,0.000,,2013/03/09,16:46:29
11864,33.744335,-84.413947,308.7,0.000,,2013/03/09,16:46:31
11865,33.744366,-84.413863,312.1,0.000,,2013/03/09,16:46:35
11866,33.744336,-84.413835,312.1,0.000,,2013/03/09,16:46:36
11867,33.744073,-84.413553,311.6,0.000,,2013/03/09,16:46:43
11868,33.743799,-84.413165,315.0,0.000,,2013/03/09,16:46:51
11869,33.743666,-84.412912,316.9,0.000,,2013/03/09,16:46:56
11870,33.743566,-84.412622,321.2,0.000,,2013/03/09,16:47:02
11871,33.743432,-84.412146,333.2,0.000,,2013/03/09,16:47:12
11872,33.743300,-84.411802,335.2,0.000,,2013/03/09,16:47:21
11873,33.743218,-84.411570,332.8,0.000,,2013/03/09,16:47:28
11874,33.743180,-84.411296,332.8,0.000,,2013/03/09,16:47:35
11875,33.743131,-84.410858,334.7,0.000,,2013/03/09,16:47:45
11876,33.743120,-84.410591,328.9,0.000,,2013/03/09,16:47:52
11877,33.743111,-84.410336,326.5,0.000,,2013/03/09,16:47:58
11878,33.743084,-84.410166,324.1,0.000,,2013/03/09,16:48:03
11879,33.743124,-84.409954,324.1,0.000,,2013/03/09,16:48:07
11880,33.743318,-84.409752,321.2,0.000,,2013/03/09,16:48:12
11881,33.743356,-84.409709,321.2,0.000,,2013/03/09,16:48:13
11882,33.743718,-84.409173,321.7,0.000,,2013/03/09,16:48:24
11883,33.744007,-84.408753,319.8,0.000,,2013/03/09,16:48:32
11884,33.744342,-84.408316,318.3,0.000,,2013/03/09,16:48:39
11885,33.744652,-84.408009,316.4,0.000,,2013/03/09,16:48:45
11886,33.745070,-84.407587,314.5,0.000,,2013/03/09,16:48:52
11887,33.745498,-84.407184,312.6,0.000,,2013/03/09,16:48:59
11888,33.745725,-84.406969,311.6,0.000,,2013/03/09,16:49:04
11889,33.746017,-84.406695,308.2,0.000,,2013/03/09,16:49:11
11890,33.746146,-84.406571,307.8,0.000,,2013/03/09,16:49:15
11891,33.746193,-84.406542,304.4,0.000,,2013/03/09,16:49:21
11892,33.746210,-84.406514,311.6,0.000,,2013/03/09,16:49:34
11893,33.746236,-84.406509,313.0,0.000,,2013/03/09,16:49:37
11894,33.746353,-84.406415,313.0,0.000,,2013/03/09,16:49:42
11895,33.746553,-84.406232,312.1,0.000,,2013/03/09,16:49:48
11896,33.746740,-84.406019,312.6,0.000,,2013/03/09,16:49:54
11897,33.747091,-84.405683,314.0,0.000,,2013/03/09,16:50:04
11898,33.747373,-84.405470,315.0,0.000,,2013/03/09,16:50:11
11899,33.747661,-84.405263,316.9,0.000,,2013/03/09,16:50:19
11900,33.747859,-84.405123,318.3,0.000,,2013/03/09,16:50:26
11901,33.748077,-84.404965,320.7,0.000,,2013/03/09,16:50:34
11902,33.748265,-84.404829,323.1,0.000,,2013/03/09,16:50:41
11903,33.748415,-84.404740,320.3,0.000,,2013/03/09,16:50:46
11904,33.748574,-84.404664,318.3,0.000,,2013/03/09,16:50:51
11905,33.748790,-84.404529,320.7,0.000,,2013/03/09,16:50:58
11906,33.748867,-84.404471,321.2,0.000,,2013/03/09,16:51:01
11907,33.748872,-84.404330,320.7,0.000,,2013/03/09,16:51:05
11908,33.748813,-84.404070,327.5,0.000,,2013/03/09,16:51:12
11909,33.748771,-84.403855,331.3,0.000,,2013/03/09,16:51:19
11910,33.748748,-84.403724,331.8,0.000,,2013/03/09,16:51:25
11911,33.748748,-84.403701,330.4,0.000,,2013/03/09,16:51:28
11912,33.748752,-84.403657,334.2,0.000,,2013/03/09,16:51:36
11913,33.748754,-84.403650,334.2,0.000,,2013/03/09,16:51:41
11914,33.748802,-84.403668,327.9,0.000,,2013/03/09,16:51:51
11915,33.748826,-84.403664,317.9,0.000,,2013/03/09,16:52:03
11916,33.748711,-84.403676,317.9,0.000,,2013/03/09,16:52:39
11917,33.748731,-84.403621,323.1,0.000,,2013/03/09,16:52:49
11918,33.748724,-84.403573,325.5,0.000,,2013/03/09,16:52:51
11919,33.748719,-84.403393,328.4,0.000,,2013/03/09,16:52:57
11920,33.748712,-84.403103,329.9,0.000,,2013/03/09,16:53:03
11921,33.748665,-84.402742,334.2,0.000,,2013/03/09,16:53:11
11922,33.748619,-84.402435,336.1,0.000,,2013/03/09,16:53:18
11923,33.748661,-84.402301,332.3,0.000,,2013/03/09,16:53:22
11924,33.748798,-84.402185,330.8,0.000,,2013/03/09,16:53:27
11925,33.748932,-84.402094,330.8,0.000,,2013/03/09,16:53:31
11926,33.749087,-84.401938,335.2,0.000,,2013/03/09,16:53:37
11927,33.749202,-84.401846,332.3,0.000,,2013/03/09,16:53:40
11928,33.749411,-84.401757,335.6,0.000,,2013/03/09,16:53:43
11929,33.749550,-84.401573,337.1,0.000,,2013/03/09,16:53:47
11930,33.749597,-84.401531,337.1,0.000,,2013/03/09,16:53:48
11931,33.749814,-84.401277,329.4,0.000,,2013/03/09,16:53:53
11932,33.750057,-84.401104,328.9,0.000,,2013/03/09,16:53:58
11933,33.750184,-84.400957,329.9,0.000,,2013/03/09,16:54:02
11934,33.750448,-84.400738,326.0,0.000,,2013/03/09,16:54:08
11935,33.750680,-84.400478,326.0,0.000,,2013/03/09,16:54:14
11936,33.750929,-84.400259,323.6,0.000,,2013/03/09,16:54:20
11937,33.750960,-84.400226,324.6,0.000,,2013/03/09,16:54:21
11938,33.751074,-84.400116,322.7,0.000,,2013/03/09,16:54:24
11939,33.751192,-84.399914,323.1,0.000,,2013/03/09,16:54:28
11940,33.751265,-84.399662,324.1,0.000,,2013/03/09,16:54:32
11941,33.751381,-84.399229,322.7,0.000,,2013/03/09,16:54:39
11942,33.751498,-84.398814,323.1,0.000,,2013/03/09,16:54:46
11943,33.751518,-84.398747,323.1,0.000,,2013/03/09,16:54:47
11944,33.751550,-84.398612,324.1,0.000,,2013/03/09,16:54:49
11945,33.751723,-84.398159,327.0,0.000,,2013/03/09,16:54:56
11946,33.751849,-84.397965,327.9,0.000,,2013/03/09,16:55:00
11947,33.751899,-84.397945,327.5,0.000,,2013/03/09,16:55:01
11948,33.752046,-84.397884,327.5,0.000,,2013/03/09,16:55:04
11949,33.752281,-84.397903,323.1,0.000,,2013/03/09,16:55:09
11950,33.752531,-84.398039,320.3,0.000,,2013/03/09,16:55:15
11951,33.752899,-84.398077,319.8,0.000,,2013/03/09,16:55:22
11952,33.753042,-84.398071,321.2,0.000,,2013/03/09,16:55:26
11953,33.753079,-84.398073,321.2,0.000,,2013/03/09,16:55:27
11954,33.753153,-84.398123,320.7,0.000,,2013/03/09,16:55:31
11955,33.753155,-84.398157,323.1,0.000,,2013/03/09,16:55:40
11956,33.753150,-84.398197,327.5,0.000,,2013/03/09,16:55:53
11957,33.753124,-84.398197,326.5,0.000,,2013/03/09,16:56:11
11958,33.753121,-84.398205,327.0,0.000,,2013/03/09,16:56:18
11959,33.753129,-84.398223,327.0,0.000,,2013/03/09,16:56:26
11960,33.753113,-84.398209,325.5,0.000,,2013/03/09,16:56:32
11961,33.753110,-84.398210,323.6,0.000,,2013/03/09,16:56:41
11962,33.753111,-84.398211,323.6,0.000,,2013/03/09,16:56:54
11963,33.753114,-84.398210,323.6,0.000,,2013/03/09,16:57:09
11964,33.753113,-84.398172,322.7,0.000,,2013/03/09,16:57:23
11965,33.753136,-84.398128,321.7,0.000,,2013/03/09,16:57:28
11966,33.753167,-84.398103,321.2,0.000,,2013/03/09,16:57:31
11967,33.753216,-84.398091,320.7,0.000,,2013/03/09,16:57:35
11968,33.753228,-84.398059,324.6,0.000,,2013/03/09,16:57:43
11969,33.753273,-84.398075,323.1,0.000,,2013/03/09,16:57:51
11970,33.753282,-84.398076,323.1,0.000,,2013/03/09,16:57:52
11971,33.753414,-84.398111,323.1,0.000,,2013/03/09,16:58:03
11972,33.753443,-84.398131,322.7,0.000,,2013/03/09,16:58:07
11973,33.753456,-84.398154,323.1,0.000,,2013/03/09,16:58:14
11974,33.753473,-84.398162,323.6,0.000,,2013/03/09,16:58:29
11975,33.753488,-84.398164,325.1,0.000,,2013/03/09,16:58:57
11976,33.753524,-84.398160,327.0,0.000,,2013/03/09,16:59:43
11977,33.753522,-84.398174,328.4,0.000,,2013/03/09,17:00:21
11978,33.753517,-84.398180,328.9,0.000,,2013/03/09,17:00:57
11979,33.753514,-84.398179,327.0,0.000,,2013/03/09,17:01:05
11980,33.753509,-84.398189,325.5,0.000,,2013/03/09,17:01:23
11981,33.753513,-84.398180,325.5,0.000,,2013/03/09,17:01:55
11982,33.753509,-84.398175,325.1,0.000,,2013/03/09,17:02:23
11983,33.753506,-84.398173,324.1,0.000,,2013/03/09,17:03:13
11984,33.753532,-84.398176,326.5,0.000,,2013/03/09,17:03:50
11985,33.753530,-84.398191,327.9,0.000,,2013/03/09,17:04:36
11986,33.753525,-84.398194,326.5,0.000,,2013/03/09,17:07:16
11987,33.753524,-84.398202,325.5,0.000,,2013/03/09,17:08:09
11988,33.753535,-84.398208,327.9,0.000,,2013/03/09,17:09:16
11989,33.753557,-84.398213,334.2,0.000,,2013/03/09,17:09:56
11990,33.753554,-84.398202,332.3,0.000,,2013/03/09,17:11:07
11991,33.753552,-84.398209,331.3,0.000,,2013/03/09,17:11:41
11992,33.753550,-84.398216,330.4,0.000,,2013/03/09,17:11:49
11993,33.753542,-84.398227,329.9,0.000,,2013/03/09,17:11:55
11994,33.753536,-84.398242,330.4,0.000,,2013/03/09,17:12:21
11995,33.753534,-84.398248,329.4,0.000,,2013/03/09,17:13:47
11996,33.753539,-84.398254,330.8,0.000,,2013/03/09,17:14:07
11997,33.753538,-84.398273,329.4,0.000,,2013/03/09,17:14:31
11998,33.753539,-84.398300,333.2,0.000,,2013/03/09,17:14:39
11999,33.753550,-84.398343,333.2,0.000,,2013/03/09,17:14:47
12000,33.753563,-84.398394,329.9,0.000,,2013/03/09,17:14:53
12001,33.753528,-84.398419,325.5,0.000,,2013/03/09,17:15:00
12002,33.753517,-84.398381,323.6,0.000,,2013/03/09,17:15:03
12003,33.753534,-84.398273,322.2,0.000,,2013/03/09,17:15:10
12004,33.753562,-84.398235,325.1,0.000,,2013/03/09,17:15:19
12005,33.753528,-84.398186,326.5,0.000,,2013/03/09,17:15:24
12006,33.753401,-84.398150,326.0,0.000,,2013/03/09,17:15:34
12007,33.753339,-84.398148,325.5,0.000,,2013/03/09,17:15:39
12008,33.753266,-84.398154,325.1,0.000,,2013/03/09,17:15:46
12009,33.753268,-84.398182,324.6,0.000,,2013/03/09,17:15:51
12010,33.753260,-84.398182,322.2,0.000,,2013/03/09,17:15:57
12011,33.753239,-84.398161,326.0,0.000,,2013/03/09,17:16:05
12012,33.753235,-84.398163,318.3,0.000,,2013/03/09,17:16:12
12013,33.753207,-84.398156,317.4,0.000,,2013/03/09,17:16:16
12014,33.753135,-84.398149,321.2,0.000,,2013/03/09,17:16:20
12015,33.753082,-84.398190,322.2,0.000,,2013/03/09,17:16:27
12016,33.753063,-84.398225,322.7,0.000,,2013/03/09,17:16:44
12017,33.753064,-84.398202,321.7,0.000,,2013/03/09,17:16:56
12018,33.753099,-84.398100,321.7,0.000,,2013/03/09,17:17:01
12019,33.753294,-84.398069,320.7,0.000,,2013/03/09,17:17:07
12020,33.753408,-84.398042,320.7,0.000,,2013/03/09,17:17:10
12021,33.753459,-84.397906,321.7,0.000,,2013/03/09,17:17:14
12022,33.753443,-84.397869,321.7,0.000,,2013/03/09,17:17:15
12023,33.753284,-84.397563,322.7,0.000,,2013/03/09,17:17:24
12024,33.753128,-84.397251,323.1,0.000,,2013/03/09,17:17:32
12025,33.752907,-84.396792,325.1,0.000,,2013/03/09,17:17:42
12026,33.752885,-84.396744,325.5,0.000,,2013/03/09,17:17:43
12027,33.752713,-84.396329,326.0,0.000,,2013/03/09,17:17:52
12028,33.752555,-84.395943,328.4,0.000,,2013/03/09,17:17:59
12029,33.752376,-84.395634,331.3,0.000,,2013/03/09,17:18:04
12030,33.752268,-84.395455,329.4,0.000,,2013/03/09,17:18:08
12031,33.752024,-84.395315,326.0,0.000,,2013/03/09,17:18:14
12032,33.751950,-84.395203,324.1,0.000,,2013/03/09,17:18:17
12033,33.751855,-84.395095,322.2,0.000,,2013/03/09,17:18:20
12034,33.751848,-84.394924,327.5,0.000,,2013/03/09,17:18:25
12035,33.751840,-84.394881,332.3,0.000,,2013/03/09,17:18:31
12036,33.751862,-84.394892,340.9,0.000,,2013/03/09,17:18:44
12037,33.751860,-84.394905,345.7,0.000,,2013/03/09,17:18:57
12038,33.751859,-84.394889,358.2,0.000,,2013/03/09,17:19:18
12039,33.751880,-84.394801,352.9,0.000,,2013/03/09,17:20:15
12040,33.751831,-84.394787,336.6,0.000,,2013/03/09,17:20:39
12041,33.751790,-84.394763,341.9,0.000,,2013/03/09,17:20:47
12042,33.751754,-84.394674,337.6,0.000,,2013/03/09,17:20:51
12043,33.751690,-84.394520,331.8,0.000,,2013/03/09,17:20:56
12044,33.751678,-84.394436,327.9,0.000,,2013/03/09,17:20:59
12045,33.751578,-84.394245,321.2,0.000,,2013/03/09,17:21:05
12046,33.751485,-84.393980,324.6,0.000,,2013/03/09,17:21:10
12047,33.751466,-84.393932,323.6,0.000,,2013/03/09,17:21:11
12048,33.751357,-84.393718,323.6,0.000,,2013/03/09,17:21:15
12049,33.751161,-84.393530,322.7,0.000,,2013/03/09,17:21:18
12050,33.751118,-84.393409,321.7,0.000,,2013/03/09,17:21:20
12051,33.751074,-84.393236,320.3,0.000,,2013/03/09,17:21:24
12052,33.751044,-84.393152,320.3,0.000,,2013/03/09,17:21:27
12053,33.751043,-84.393083,319.8,0.000,,2013/03/09,17:21:33
12054,33.751019,-84.392955,320.7,0.000,,2013/03/09,17:21:37
12055,33.751091,-84.392800,319.3,0.000,,2013/03/09,17:21:42
12056,33.751105,-84.392764,319.3,0.000,,2013/03/09,17:21:43
12057,33.751348,-84.392599,318.3,0.000,,2013/03/09,17:21:49
12058,33.751487,-84.392485,317.9,0.000,,2013/03/09,17:21:53
12059,33.751622,-84.392380,323.6,0.000,,2013/03/09,17:21:57
12060,33.751807,-84.392279,339.0,0.000,,2013/03/09,17:22:02
12061,33.751938,-84.392244,348.1,0.000,,2013/03/09,17:22:06
12062,33.751957,-84.392173,360.2,0.000,,2013/03/09,17:22:22
12063,33.751945,-84.392148,361.6,0.000,,2013/03/09,17:22:31
12064,33.751996,-84.392106,357.7,0.000,,2013/03/09,17:22:35
12065,33.752146,-84.392002,352.0,0.000,,2013/03/09,17:22:39
12066,33.752209,-84.391996,352.9,0.000,,2013/03/09,17:22:40
12067,33.752458,-84.391980,355.8,0.000,,2013/03/09,17:22:44
12068,33.752644,-84.391787,359.2,0.000,,2013/03/09,17:22:50
12069,33.752730,-84.391760,358.7,0.000,,2013/03/09,17:22:52
12070,33.752850,-84.391689,358.2,0.000,,2013/03/09,17:22:57
12071,33.752858,-84.391633,359.7,0.000,,2013/03/09,17:23:00
12072,33.752898,-84.391597,360.6,0.000,,2013/03/09,17:23:04
12073,33.752942,-84.391548,362.1,0.000,,2013/03/09,17:23:08
12074,33.752937,-84.391527,364.5,0.000,,2013/03/09,17:23:11
12075,33.752919,-84.391512,376.0,0.000,,2013/03/09,17:23:17
12076,33.752929,-84.391468,380.3,0.000,,2013/03/09,17:23:21
12077,33.753029,-84.391444,368.3,0.000,,2013/03/09,17:23:28
12078,33.753057,-84.391421,366.4,0.000,,2013/03/09,17:23:29
12079,33.753095,-84.391374,360.2,0.000,,2013/03/09,17:23:31
12080,33.753205,-84.391292,344.3,0.000,,2013/03/09,17:23:36
12081,33.753303,-84.391145,337.1,0.000,,2013/03/09,17:23:39
12082,33.753396,-84.390933,330.8,0.000,,2013/03/09,17:23:43
12083,33.753548,-84.390596,326.5,0.000,,2013/03/09,17:23:51
12084,33.753671,-84.390387,324.6,0.000,,2013/03/09,17:23:58
12085,33.753674,-84.390377,324.6,0.000,,2013/03/09,17:23:59
12086,33.753728,-84.390298,325.5,0.000,,2013/03/09,17:24:09
12087,33.753907,-84.390112,323.6,0.000,,2013/03/09,17:24:15
12088,33.754054,-84.389988,319.8,0.000,,2013/03/09,17:24:19
12089,33.754142,-84.389879,318.8,0.000,,2013/03/09,17:24:24
12090,33.754217,-84.389911,324.1,0.000,,2013/03/09,17:24:27
12091,33.754167,-84.389710,344.8,0.000,,2013/03/09,17:24:35
12092,33.754312,-84.389711,354.4,0.000,,2013/03/09,17:24:51
12093,33.754475,-84.389645,350.5,0.000,,2013/03/09,17:24:56
12094,33.754630,-84.389502,344.3,0.000,,2013/03/09,17:25:01
12095,33.754775,-84.389410,347.7,0.000,,2013/03/09,17:25:04
12096,33.754947,-84.389274,348.1,0.000,,2013/03/09,17:25:09
12097,33.755076,-84.389201,342.4,0.000,,2013/03/09,17:25:12
12098,33.755204,-84.389065,340.9,0.000,,2013/03/09,17:25:16
12099,33.755326,-84.389001,333.2,0.000,,2013/03/09,17:25:21
12100,33.755357,-84.388991,332.3,0.000,,2013/03/09,17:25:22
12101,33.755455,-84.388712,329.9,0.000,,2013/03/09,17:25:27
12102,33.755840,-84.388457,327.5,0.000,,2013/03/09,17:25:32
12103,33.755977,-84.388409,327.9,0.000,,2013/03/09,17:25:34
12104,33.756229,-84.388346,323.6,0.000,,2013/03/09,17:25:39
12105,33.756258,-84.388303,323.1,0.000,,2013/03/09,17:25:41
12106,33.756507,-84.388245,329.4,0.000,,2013/03/09,17:25:46
12107,33.756531,-84.388227,329.9,0.000,,2013/03/09,17:25:47
12108,33.756736,-84.388167,332.3,0.000,,2013/03/09,17:25:53
12109,33.756777,-84.388159,331.8,0.000,,2013/03/09,17:25:54
12110,33.756975,-84.388048,328.9,0.000,,2013/03/09,17:26:00
12111,33.757029,-84.388013,328.9,0.000,,2013/03/09,17:26:02
12112,33.757091,-84.387930,329.9,0.000,,2013/03/09,17:26:06
12113,33.757293,-84.387782,330.8,0.000,,2013/03/09,17:26:11
12114,33.757450,-84.387653,329.9,0.000,,2013/03/09,17:26:16
12115,33.757670,-84.387639,332.8,0.000,,2013/03/09,17:26:20
12116,33.757805,-84.387616,336.1,0.000,,2013/03/09,17:26:23
12117,33.757846,-84.387604,336.1,0.000,,2013/03/09,17:26:25
12118,33.757922,-84.387590,335.2,0.000,,2013/03/09,17:26:30
12119,33.757956,-84.387578,336.1,0.000,,2013/03/09,17:26:36
12120,33.758020,-84.387590,355.3,0.000,,2013/03/09,17:26:49
12121,33.758113,-84.387529,359.7,0.000,,2013/03/09,17:26:56
12122,33.758250,-84.387551,355.8,0.000,,2013/03/09,17:27:00
12123,33.758488,-84.387554,353.4,0.000,,2013/03/09,17:27:04
12124,33.758558,-84.387555,354.9,0.000,,2013/03/09,17:27:05
12125,33.758699,-84.387503,363.0,0.000,,2013/03/09,17:27:07
12126,33.759067,-84.387561,365.4,0.000,,2013/03/09,17:27:13
12127,33.759169,-84.387591,367.4,0.000,,2013/03/09,17:27:15
12128,33.759402,-84.387737,402.4,0.000,,2013/03/09,17:27:21
12129,33.759481,-84.387813,411.1,0.000,,2013/03/09,17:27:24
12130,33.759646,-84.387761,419.8,0.000,,2013/03/09,17:27:27
12131,33.759747,-84.387738,420.2,0.000,,2013/03/09,17:27:30
12132,33.759886,-84.387619,430.3,0.000,,2013/03/09,17:27:35
12133,33.760274,-84.387423,435.1,0.000,,2013/03/09,17:27:39
12134,33.760584,-84.387394,432.2,0.000,,2013/03/09,17:27:46
12135,33.760640,-84.387428,431.8,0.000,,2013/03/09,17:27:55
12136,33.760689,-84.387379,427.9,0.000,,2013/03/09,17:28:00
12137,33.760694,-84.387360,429.4,0.000,,2013/03/09,17:28:07
12138,33.760621,-84.387361,432.2,0.000,,2013/03/09,17:28:25
12139,33.760639,-84.387388,430.3,0.000,,2013/03/09,17:28:27
12140,33.760648,-84.387422,427.9,0.000,,2013/03/09,17:28:29
12141,33.760707,-84.387483,410.6,0.000,,2013/03/09,17:28:35
12142,33.760799,-84.387431,397.2,0.000,,2013/03/09,17:28:39
12143,33.761042,-84.387405,395.2,0.000,,2013/03/09,17:28:43
12144,33.761095,-84.387388,392.4,0.000,,2013/03/09,17:28:44
12145,33.761157,-84.387316,377.9,0.000,,2013/03/09,17:28:48
12146,33.761170,-84.387328,368.8,0.000,,2013/03/09,17:28:50
12147,33.761185,-84.387311,360.6,0.000,,2013/03/09,17:28:52
12148,33.761260,-84.387291,337.6,0.000,,2013/03/09,17:28:56
12149,33.761361,-84.387295,316.9,0.000,,2013/03/09,17:29:00
12150,33.761553,-84.387304,293.3,0.000,,2013/03/09,17:29:05
12151,33.761708,-84.387220,290.0,0.000,,2013/03/09,17:29:08
12152,33.761865,-84.387044,285.2,0.000,,2013/03/09,17:29:11
12153,33.762228,-84.386817,277.5,0.000,,2013/03/09,17:29:15
12154,33.762693,-84.386632,273.6,0.000,,2013/03/09,17:29:18
12155,33.763138,-84.386477,271.2,0.000,,2013/03/09,17:29:20
12156,33.763692,-84.386174,278.0,0.000,,2013/03/09,17:29:25
12157,33.763878,-84.386187,289.5,0.000,,2013/03/09,17:29:27
12158,33.764105,-84.386043,296.2,0.000,,2013/03/09,17:29:31
12159,33.764352,-84.385824,300.5,0.000,,2013/03/09,17:29:36
12160,33.764650,-84.385610,302.0,0.000,,2013/03/09,17:29:42
12161,33.764983,-84.385479,302.5,0.000,,2013/03/09,17:29:48
12162,33.765447,-84.385378,302.0,0.000,,2013/03/09,17:29:56
12163,33.765754,-84.385379,300.1,0.000,,2013/03/09,17:30:01
12164,33.765813,-84.385377,299.6,0.000,,2013/03/09,17:30:02
12165,33.766261,-84.385422,299.1,0.000,,2013/03/09,17:30:09
12166,33.766776,-84.385410,300.1,0.000,,2013/03/09,17:30:18
12167,33.767130,-84.385392,301.0,0.000,,2013/03/09,17:30:25
12168,33.767184,-84.385384,301.5,0.000,,2013/03/09,17:30:26
12169,33.767717,-84.385369,308.2,0.000,,2013/03/09,17:30:34
12170,33.767963,-84.385355,311.6,0.000,,2013/03/09,17:30:38
12171,33.768326,-84.385308,313.0,0.000,,2013/03/09,17:30:45
12172,33.768689,-84.385280,310.6,0.000,,2013/03/09,17:30:52
12173,33.768861,-84.385246,311.6,0.000,,2013/03/09,17:30:55
12174,33.769078,-84.385193,313.0,0.000,,2013/03/09,17:30:59
12175,33.769350,-84.385181,318.8,0.000,,2013/03/09,17:31:04
12176,33.769496,-84.385187,320.7,0.000,,2013/03/09,17:31:08
12177,33.769637,-84.385216,319.8,0.000,,2013/03/09,17:31:11
12178,33.769777,-84.385207,323.1,0.000,,2013/03/09,17:31:14
12179,33.769945,-84.385151,327.0,0.000,,2013/03/09,17:31:18
12180,33.770011,-84.385158,329.9,0.000,,2013/03/09,17:31:23
12181,33.770023,-84.385144,333.2,0.000,,2013/03/09,17:31:28
12182,33.770082,-84.385039,330.4,0.000,,2013/03/09,17:31:33
12183,33.770268,-84.385010,325.5,0.000,,2013/03/09,17:31:37
12184,33.770336,-84.385024,325.1,0.000,,2013/03/09,17:31:38
12185,33.770486,-84.385060,323.6,0.000,,2013/03/09,17:31:40
12186,33.770698,-84.385090,319.8,0.000,,2013/03/09,17:31:44
12187,33.770855,-84.385082,317.9,0.000,,2013/03/09,17:31:48
12188,33.770960,-84.385009,320.7,0.000,,2013/03/09,17:31:53
12189,33.770995,-84.384958,322.2,0.000,,2013/03/09,17:31:58
12190,33.770984,-84.384901,324.1,0.000,,2013/03/09,17:32:09
12191,33.771020,-84.384855,324.1,0.000,,2013/03/09,17:32:17
12192,33.771382,-84.384919,319.8,0.000,,2013/03/09,17:32:23
12193,33.771442,-84.384925,319.3,0.000,,2013/03/09,17:32:24
12194,33.771698,-84.384952,320.3,0.000,,2013/03/09,17:32:30
12195,33.771838,-84.384946,319.8,0.000,,2013/03/09,17:32:35
12196,33.771875,-84.384941,318.3,0.000,,2013/03/09,17:32:39
12197,33.772002,-84.384942,316.9,0.000,,2013/03/09,17:32:54
12198,33.772212,-84.384958,316.4,0.000,,2013/03/09,17:32:59
12199,33.772282,-84.385120,314.0,0.000,,2013/03/09,17:33:03
12200,33.772269,-84.385488,308.7,0.000,,2013/03/09,17:33:10
12201,33.772265,-84.385718,306.8,0.000,,2013/03/09,17:33:14
12202,33.772274,-84.386005,307.3,0.000,,2013/03/09,17:33:18
12203,33.772300,-84.386471,308.7,0.000,,2013/03/09,17:33:24
12204,33.772309,-84.386567,309.2,0.000,,2013/03/09,17:33:25
12205,33.772345,-84.387027,306.8,0.000,,2013/03/09,17:33:30
12206,33.772348,-84.387189,306.3,0.000,,2013/03/09,17:33:32
12207,33.772417,-84.387459,303.9,0.000,,2013/03/09,17:33:36
12208,33.772527,-84.387439,304.4,0.000,,2013/03/09,17:33:38
12209,33.773066,-84.387299,296.2,0.000,,2013/03/09,17:33:47
12210,33.773397,-84.387266,295.7,0.000,,2013/03/09,17:33:53
12211,33.773731,-84.387252,293.3,0.000,,2013/03/09,17:33:59
12212,33.774218,-84.387246,293.3,0.000,,2013/03/09,17:34:07
12213,33.774615,-84.387247,292.4,0.000,,2013/03/09,17:34:13
12214,33.775003,-84.387262,294.3,0.000,,2013/03/09,17:34:19
12215,33.775241,-84.387256,293.8,0.000,,2013/03/09,17:34:23
12216,33.775299,-84.387255,294.8,0.000,,2013/03/09,17:34:26
12217,33.775408,-84.387253,296.2,0.000,,2013/03/09,17:34:27
12218,33.775458,-84.387253,295.7,0.000,,2013/03/09,17:34:28
12219,33.775744,-84.387246,301.5,0.000,,2013/03/09,17:34:32
12220,33.775963,-84.387299,312.6,0.000,,2013/03/09,17:34:36
12221,33.776015,-84.387317,317.4,0.000,,2013/03/09,17:34:37
12222,33.776124,-84.387363,326.5,0.000,,2013/03/09,17:34:40
12223,33.776327,-84.387356,327.5,0.000,,2013/03/09,17:34:44
12224,33.776430,-84.387378,328.4,0.000,,2013/03/09,17:34:46
12225,33.776693,-84.387390,332.3,0.000,,2013/03/09,17:34:51
12226,33.776946,-84.387396,333.2,0.000,,2013/03/09,17:34:56
12227,33.777331,-84.387382,331.8,0.000,,2013/03/09,17:35:03
12228,33.777451,-84.387358,327.5,0.000,,2013/03/09,17:35:05
12229,33.777635,-84.387320,319.8,0.000,,2013/03/09,17:35:08
12230,33.778043,-84.387345,326.5,0.000,,2013/03/09,17:35:14
12231,33.778434,-84.387298,312.6,0.000,,2013/03/09,17:35:19
12232,33.778625,-84.387247,308.7,0.000,,2013/03/09,17:35:21
12233,33.779002,-84.387234,311.6,0.000,,2013/03/09,17:35:25
12234,33.779315,-84.387259,303.9,0.000,,2013/03/09,17:35:30
12235,33.779463,-84.387248,300.1,0.000,,2013/03/09,17:35:34
12236,33.779479,-84.387238,297.2,0.000,,2013/03/09,17:35:40
12237,33.779495,-84.387223,299.1,0.000,,2013/03/09,17:35:57
12238,33.779671,-84.387200,294.8,0.000,,2013/03/09,17:36:04
12239,33.780005,-84.387213,293.3,0.000,,2013/03/09,17:36:11
12240,33.780318,-84.387289,294.3,0.000,,2013/03/09,17:36:17
12241,33.780372,-84.387304,295.3,0.000,,2013/03/09,17:36:18
12242,33.780557,-84.387378,303.0,0.000,,2013/03/09,17:36:24
12243,33.780726,-84.387519,319.8,0.000,,2013/03/09,17:36:30
12244,33.780800,-84.387555,319.3,0.000,,2013/03/09,17:36:33
12245,33.780885,-84.387575,320.3,0.000,,2013/03/09,17:36:38
12246,33.780908,-84.387591,318.8,0.000,,2013/03/09,17:36:39
12247,33.781095,-84.387708,314.5,0.000,,2013/03/09,17:36:45
12248,33.781155,-84.387737,313.5,0.000,,2013/03/09,17:36:47
12249,33.781277,-84.387789,310.6,0.000,,2013/03/09,17:36:53
12250,33.781353,-84.387869,312.1,0.000,,2013/03/09,17:36:58
12251,33.781379,-84.387884,312.6,0.000,,2013/03/09,17:36:59
12252,33.781512,-84.387931,312.1,0.000,,2013/03/09,17:37:04
12253,33.781615,-84.387918,314.0,0.000,,2013/03/09,17:37:07
12254,33.781983,-84.387848,316.4,0.000,,2013/03/09,17:37:15
12255,33.782086,-84.387874,319.3,0.000,,2013/03/09,17:37:19
12256,33.782271,-84.387899,324.6,0.000,,2013/03/09,17:37:24
12257,33.782436,-84.387935,331.3,0.000,,2013/03/09,17:37:30
12258,33.782599,-84.387900,323.1,0.000,,2013/03/09,17:37:36
12259,33.782763,-84.387939,315.9,0.000,,2013/03/09,17:37:41
12260,33.783021,-84.387961,311.6,0.000,,2013/03/09,17:37:47
12261,33.783239,-84.387920,306.3,0.000,,2013/03/09,17:37:51
12262,33.783305,-84.387916,305.8,0.000,,2013/03/09,17:37:52
12263,33.783589,-84.387856,304.9,0.000,,2013/03/09,17:37:56
12264,33.783710,-84.387820,302.5,0.000,,2013/03/09,17:37:58
12265,33.783982,-84.387788,296.7,0.000,,2013/03/09,17:38:03
12266,33.784202,-84.387775,291.9,0.000,,2013/03/09,17:38:09
12267,33.784329,-84.387771,290.0,0.000,,2013/03/09,17:38:14
12268,33.784392,-84.387774,292.4,0.000,,2013/03/09,17:38:23
12269,33.784618,-84.387784,293.3,0.000,,2013/03/09,17:38:29
12270,33.784863,-84.387780,297.2,0.000,,2013/03/09,17:38:34
12271,33.784909,-84.387774,297.2,0.000,,2013/03/09,17:38:35
12272,33.785236,-84.387766,295.3,0.000,,2013/03/09,17:38:40
12273,33.785574,-84.387753,291.9,0.000,,2013/03/09,17:38:45
12274,33.786046,-84.387728,284.2,0.000,,2013/03/09,17:38:53
12275,33.786292,-84.387726,281.8,0.000,,2013/03/09,17:38:58
12276,33.786349,-84.387728,282.8,0.000,,2013/03/09,17:38:59
12277,33.786554,-84.387766,288.1,0.000,,2013/03/09,17:39:03
12278,33.786638,-84.387771,290.0,0.000,,2013/03/09,17:39:07
12279,33.786821,-84.387892,308.7,0.000,,2013/03/09,17:39:20
12280,33.786832,-84.387939,312.1,0.000,,2013/03/09,17:39:34
12281,33.786829,-84.387912,311.6,0.000,,2013/03/09,17:39:39
12282,33.786820,-84.387894,312.6,0.000,,2013/03/09,17:39:40
12283,33.786880,-84.387850,308.7,0.000,,2013/03/09,17:39:45
12284,33.787050,-84.387869,297.2,0.000,,2013/03/09,17:39:49
12285,33.787134,-84.387858,293.8,0.000,,2013/03/09,17:39:51
12286,33.787408,-84.387802,292.4,0.000,,2013/03/09,17:39:56
12287,33.787688,-84.387776,288.1,0.000,,2013/03/09,17:40:01
12288,33.787813,-84.387770,286.1,0.000,,2013/03/09,17:40:04
12289,33.788176,-84.387744,284.7,0.000,,2013/03/09,17:40:11
12290,33.788560,-84.387731,279.4,0.000,,2013/03/09,17:40:18
12291,33.788979,-84.387716,279.4,0.000,,2013/03/09,17:40:24
12292,33.789432,-84.387759,280.8,0.000,,2013/03/09,17:40:30
12293,33.789774,-84.387748,279.4,0.000,,2013/03/09,17:40:36
12294,33.790177,-84.387729,276.0,0.000,,2013/03/09,17:40:44
12295,33.790438,-84.387723,275.1,0.000,,2013/03/09,17:40:50
12296,33.790694,-84.387811,271.7,0.000,,2013/03/09,17:40:56
12297,33.790776,-84.387830,271.7,0.000,,2013/03/09,17:40:58
12298,33.791016,-84.387862,278.0,0.000,,2013/03/09,17:41:02
12299,33.791299,-84.387864,278.4,0.000,,2013/03/09,17:41:07
12300,33.791632,-84.387853,276.5,0.000,,2013/03/09,17:41:13
12301,33.791811,-84.387901,275.1,0.000,,2013/03/09,17:41:17
12302,33.791833,-84.388056,273.6,0.000,,2013/03/09,17:41:20
12303,33.791825,-84.388117,273.6,0.000,,2013/03/09,17:41:21
12304,33.791808,-84.388414,273.2,0.000,,2013/03/09,17:41:25
12305,33.791961,-84.389090,274.6,0.000,,2013/03/09,17:41:32
12306,33.791972,-84.389155,274.1,0.000,,2013/03/09,17:41:33
12307,33.792060,-84.389332,272.7,0.000,,2013/03/09,17:41:37
12308,33.792189,-84.389336,270.7,0.000,,2013/03/09,17:41:41
12309,33.792387,-84.389301,269.8,0.000,,2013/03/09,17:41:46
12310,33.792607,-84.389293,269.8,0.000,,2013/03/09,17:41:52
12311,33.792725,-84.389283,269.3,0.000,,2013/03/09,17:41:56
12312,33.792751,-84.389291,271.7,0.000,,2013/03/09,17:42:01
12313,33.792760,-84.389310,272.2,0.000,,2013/03/09,17:42:06
12314,33.792742,-84.389326,274.1,0.000,,2013/03/09,17:42:13
12315,33.792783,-84.389349,273.6,0.000,,2013/03/09,17:42:18
12316,33.792828,-84.389374,279.9,0.000,,2013/03/09,17:42:25
12317,33.792841,-84.389395,286.1,0.000,,2013/03/09,17:42:38
12318,33.792872,-84.389403,290.5,0.000,,2013/03/09,17:43:03
12319,33.792832,-84.389403,285.6,0.000,,2013/03/09,17:43:28
12320,33.792830,-84.389421,285.6,0.000,,2013/03/09,17:43:41
12321,33.792824,-84.389438,290.0,0.000,,2013/03/09,17:43:56
12322,33.792760,-84.389385,288.5,0.000,,2013/03/09,17:44:06
12323,33.792806,-84.389407,298.1,0.000,,2013/03/09,17:44:31
12324,33.792804,-84.389407,297.2,0.000,,2013/03/09,17:44:39
12325,33.792781,-84.389367,297.2,0.000,,2013/03/09,17:44:51
12326,33.792724,-84.389346,292.9,0.000,,2013/03/09,17:44:57
12327,33.792720,-84.389320,289.0,0.000,,2013/03/09,17:45:01
12328,33.792757,-84.389313,289.0,0.000,,2013/03/09,17:45:09
12329,33.792748,-84.389296,285.6,0.000,,2013/03/09,17:45:16
12330,33.792731,-84.389292,280.8,0.000,,2013/03/09,17:45:26
12331,33.792691,-84.389240,291.4,0.000,,2013/03/09,17:45:44
12332,33.792667,-84.389228,288.1,0.000,,2013/03/09,17:45:47
12333,33.792429,-84.389251,281.3,0.000,,2013/03/09,17:45:55
12334,33.792188,-84.389287,276.5,0.000,,2013/03/09,17:46:02
12335,33.792145,-84.389291,277.0,0.000,,2013/03/09,17:46:05
12336,33.792080,-84.389298,281.8,0.000,,2013/03/09,17:46:27
12337,33.792043,-84.389313,280.8,0.000,,2013/03/09,17:46:55
12338,33.791855,-84.389313,279.4,0.000,,2013/03/09,17:47:01
12339,33.791490,-84.389339,275.6,0.000,,2013/03/09,17:47:09
12340,33.791091,-84.389365,273.6,0.000,,2013/03/09,17:47:17
12341,33.790883,-84.389380,274.6,0.000,,2013/03/09,17:47:21
12342,33.790676,-84.389375,274.6,0.000,,2013/03/09,17:47:25
12343,33.790309,-84.389293,269.8,0.000,,2013/03/09,17:47:31
12344,33.789924,-84.389250,270.3,0.000,,2013/03/09,17:47:36
12345,33.789546,-84.389208,266.9,0.000,,2013/03/09,17:47:41
12346,33.789145,-84.389258,269.3,0.000,,2013/03/09,17:47:48
12347,33.789059,-84.389258,269.3,0.000,,2013/03/09,17:47:50
12348,33.788883,-84.389186,270.3,0.000,,2013/03/09,17:47:54
12349,33.788875,-84.389066,270.3,0.000,,2013/03/09,17:47:57
12350,33.788881,-84.388983,271.7,0.000,,2013/03/09,17:47:59
12351,33.788856,-84.388811,278.9,0.000,,2013/03/09,17:48:05
12352,33.788866,-84.388606,285.2,0.000,,2013/03/09,17:48:14
12353,33.788844,-84.388534,286.6,0.000,,2013/03/09,17:48:19
12354,33.788834,-84.388513,285.6,0.000,,2013/03/09,17:48:23
12355,33.788779,-84.388354,283.2,0.000,,2013/03/09,17:48:29
12356,33.788764,-84.388236,285.6,0.000,,2013/03/09,17:48:32
12357,33.788741,-84.388008,284.7,0.000,,2013/03/09,17:48:39
12358,33.788741,-84.387987,284.7,0.000,,2013/03/09,17:48:40
12359,33.788682,-84.387938,284.2,0.000,,2013/03/09,17:48:44
12360,33.788507,-84.387892,287.1,0.000,,2013/03/09,17:48:53
12361,33.788470,-84.387866,286.6,0.000,,2013/03/09,17:49:00
12362,33.788505,-84.387681,284.2,0.000,,2013/03/09,17:49:05
12363,33.788517,-84.387575,283.7,0.000,,2013/03/09,17:49:07
12364,33.788489,-84.387266,284.7,0.000,,2013/03/09,17:49:13
12365,33.788481,-84.387212,283.7,0.000,,2013/03/09,17:49:14
12366,33.788462,-84.387104,284.7,0.000,,2013/03/09,17:49:16
12367,33.788463,-84.386902,287.6,0.000,,2013/03/09,17:49:21
12368,33.788505,-84.386770,291.9,0.000,,2013/03/09,17:49:25
12369,33.788440,-84.386544,297.7,0.000,,2013/03/09,17:49:29
12370,33.788392,-84.386292,310.2,0.000,,2013/03/09,17:49:36
12371,33.788390,-84.386264,312.6,0.000,,2013/03/09,17:49:37
12372,33.788413,-84.386182,316.4,0.000,,2013/03/09,17:49:41
12373,33.788448,-84.386044,317.9,0.000,,2013/03/09,17:49:48
12374,33.788435,-84.386027,315.0,0.000,,2013/03/09,17:49:49
12375,33.788422,-84.385930,309.2,0.000,,2013/03/09,17:49:53
12376,33.788428,-84.385876,301.0,0.000,,2013/03/09,17:49:59
12377,33.788436,-84.385773,294.8,0.000,,2013/03/09,17:50:07
12378,33.788432,-84.385718,296.2,0.000,,2013/03/09,17:50:09
12379,33.788468,-84.385657,295.7,0.000,,2013/03/09,17:50:13
12380,33.788537,-84.385530,295.7,0.000,,2013/03/09,17:50:21
12381,33.788533,-84.385501,296.2,0.000,,2013/03/09,17:50:22
12382,33.788566,-84.385439,298.1,0.000,,2013/03/09,17:50:26
12383,33.788561,-84.385405,300.1,0.000,,2013/03/09,17:50:30
12384,33.788533,-84.385409,301.5,0.000,,2013/03/09,17:50:38
12385,33.788526,-84.385416,301.5,0.000,,2013/03/09,17:50:40
12386,33.788568,-84.385494,300.5,0.000,,2013/03/09,17:50:44
12387,33.788785,-84.385600,300.1,0.000,,2013/03/09,17:50:50
12388,33.788925,-84.385746,293.8,0.000,,2013/03/09,17:50:57
12389,33.789084,-84.385828,294.8,0.000,,2013/03/09,17:51:03
12390,33.789157,-84.385955,304.4,0.000,,2013/03/09,17:51:07
12391,33.789232,-84.385970,300.5,0.000,,2013/03/09,17:51:12
12392,33.789257,-84.385995,292.4,0.000,,2013/03/09,17:51:16
12393,33.789365,-84.386052,292.9,0.000,,2013/03/09,17:51:20
12394,33.789479,-84.385942,293.8,0.000,,2013/03/09,17:51:25
12395,33.789567,-84.385852,297.7,0.000,,2013/03/09,17:51:28
12396,33.789628,-84.385760,295.7,0.000,,2013/03/09,17:51:32
12397,33.789644,-84.385696,294.3,0.000,,2013/03/09,17:51:35
12398,33.789626,-84.385534,294.3,0.000,,2013/03/09,17:51:41
12399,33.789664,-84.385368,301.0,0.000,,2013/03/09,17:51:45
12400,33.789732,-84.385132,303.0,0.000,,2013/03/09,17:51:52
12401,33.789758,-84.385027,303.9,0.000,,2013/03/09,17:51:56
12402,33.789785,-84.384969,304.9,0.000,,2013/03/09,17:52:02
12403,33.789793,-84.384867,299.6,0.000,,2013/03/09,17:52:09
12404,33.789820,-84.384791,295.7,0.000,,2013/03/09,17:52:17
12405,33.789825,-84.384784,294.8,0.000,,2013/03/09,17:52:24
12406,33.789828,-84.384780,291.9,0.000,,2013/03/09,17:52:38
12407,33.789844,-84.384773,292.4,0.000,,2013/03/09,17:52:43
12408,33.789861,-84.384774,292.4,0.000,,2013/03/09,17:52:45
12409,33.790020,-84.384868,290.9,0.000,,2013/03/09,17:52:52
12410,33.790252,-84.385024,289.0,0.000,,2013/03/09,17:53:00
12411,33.790450,-84.385153,286.6,0.000,,2013/03/09,17:53:07
12412,33.790508,-84.385200,287.6,0.000,,2013/03/09,17:53:11
12413,33.790504,-84.385229,287.6,0.000,,2013/03/09,17:53:17
12414,33.790515,-84.385235,288.1,0.000,,2013/03/09,17:53:29
12415,33.790507,-84.385259,289.5,0.000,,2013/03/09,17:53:34
12416,33.790479,-84.385288,291.9,0.000,,2013/03/09,17:53:40
12417,33.790473,-84.385292,292.9,0.000,,2013/03/09,17:53:51
12418,33.790489,-84.385282,292.4,0.000,,2013/03/09,17:53:59
12419,33.790494,-84.385241,291.9,0.000,,2013/03/09,17:54:11
12420,33.790506,-84.385227,290.9,0.000,,2013/03/09,17:54:18
12421,33.790510,-84.385231,290.0,0.000,,2013/03/09,17:54:25
12422,33.790533,-84.385222,290.9,0.000,,2013/03/09,17:54:32
12423,33.790529,-84.385210,289.5,0.000,,2013/03/09,17:54:42
12424,33.790502,-84.385217,291.4,0.000,,2013/03/09,17:54:47
12425,33.790469,-84.385196,295.3,0.000,,2013/03/09,17:54:58
12426,33.790312,-84.385137,293.8,0.000,,2013/03/09,17:55:03
12427,33.790115,-84.385014,290.0,0.000,,2013/03/09,17:55:09
12428,33.789947,-84.384881,285.2,0.000,,2013/03/09,17:55:15
12429,33.789783,-84.384770,281.8,0.000,,2013/03/09,17:55:21
12430,33.789659,-84.384667,286.1,0.000,,2013/03/09,17:55:26
12431,33.789533,-84.384571,285.2,0.000,,2013/03/09,17:55:30
12432,33.789315,-84.384424,288.5,0.000,,2013/03/09,17:55:36
12433,33.789138,-84.384287,286.1,0.000,,2013/03/09,17:55:42
12434,33.789053,-84.384198,284.2,0.000,,2013/03/09,17:55:47
12435,33.788873,-84.384060,281.8,0.000,,2013/03/09,17:55:53
12436,33.788662,-84.384003,274.1,0.000,,2013/03/09,17:55:59
12437,33.788497,-84.383941,274.1,0.000,,2013/03/09,17:56:04
12438,33.788390,-84.383939,278.0,0.000,,2013/03/09,17:56:06
12439,33.788251,-84.383930,278.0,0.000,,2013/03/09,17:56:09
12440,33.788071,-84.383895,279.4,0.000,,2013/03/09,17:56:13
12441,33.787925,-84.383826,277.5,0.000,,2013/03/09,17:56:17
12442,33.787740,-84.383795,273.6,0.000,,2013/03/09,17:56:22
12443,33.787669,-84.383787,273.2,0.000,,2013/03/09,17:56:24
12444,33.787373,-84.383225,345.7,0.000,,2013/03/09,17:56:29
12445,33.787269,-84.383156,366.4,0.000,,2013/03/09,17:56:33
12446,33.787243,-84.383115,384.7,0.000,,2013/03/09,17:56:40
12447,33.787227,-84.383066,408.7,0.000,,2013/03/09,17:56:47
12448,33.787218,-84.383073,413.5,0.000,,2013/03/09,17:56:48
12449,33.787205,-84.383056,422.6,0.000,,2013/03/09,17:56:50
12450,33.787115,-84.383014,430.8,0.000,,2013/03/09,17:56:55
12451,33.786960,-84.382951,434.7,0.000,,2013/03/09,17:57:00
12452,33.786931,-84.382893,439.5,0.000,,2013/03/09,17:57:02
12453,33.786705,-84.382780,413.5,0.000,,2013/03/09,17:57:08
12454,33.786667,-84.382761,406.8,0.000,,2013/03/09,17:57:09
12455,33.786355,-84.382715,372.2,0.000,,2013/03/09,17:57:14
12456,33.786015,-84.382782,331.3,0.000,,2013/03/09,17:57:17
12457,33.785684,-84.382824,285.2,0.000,,2013/03/09,17:57:22
12458,33.785637,-84.382830,281.3,0.000,,2013/03/09,17:57:23
12459,33.785491,-84.382852,270.3,0.000,,2013/03/09,17:57:27
12460,33.785179,-84.382977,281.3,0.000,,2013/03/09,17:57:31
12461,33.784995,-84.383045,294.3,0.000,,2013/03/09,17:57:35
12462,33.784945,-84.383047,302.5,0.000,,2013/03/09,17:57:37
12463,33.784913,-84.383097,299.6,0.000,,2013/03/09,17:57:43
12464,33.784898,-84.383106,302.0,0.000,,2013/03/09,17:57:45
12465,33.784704,-84.382758,327.0,0.000,,2013/03/09,17:57:50
12466,33.784729,-84.382772,333.2,0.000,,2013/03/09,17:57:51
12467,33.784719,-84.382963,329.9,0.000,,2013/03/09,17:57:53
12468,33.784734,-84.383124,330.4,0.000,,2013/03/09,17:57:57
12469,33.784757,-84.383169,333.2,0.000,,2013/03/09,17:58:00
12470,33.784683,-84.383203,336.1,0.000,,2013/03/09,17:58:05
12471,33.784644,-84.383182,339.0,0.000,,2013/03/09,17:58:07
12472,33.784579,-84.382954,335.6,0.000,,2013/03/09,17:58:13
12473,33.784461,-84.382732,334.7,0.000,,2013/03/09,17:58:17
12474,33.784417,-84.382648,337.1,0.000,,2013/03/09,17:58:18
12475,33.784118,-84.382415,327.5,0.000,,2013/03/09,17:58:23
12476,33.784056,-84.382148,321.2,0.000,,2013/03/09,17:58:28
12477,33.784109,-84.381861,316.4,0.000,,2013/03/09,17:58:30
12478,33.784240,-84.381108,291.4,0.000,,2013/03/09,17:58:36
12479,33.784256,-84.380921,289.0,0.000,,2013/03/09,17:58:38
12480,33.784204,-84.380615,296.2,0.000,,2013/03/09,17:58:40
12481,33.784295,-84.380107,294.3,0.000,,2013/03/09,17:58:44
12482,33.784294,-84.380025,290.0,0.000,,2013/03/09,17:58:45
12483,33.784289,-84.379490,287.1,0.000,,2013/03/09,17:58:50
12484,33.784281,-84.379184,282.8,0.000,,2013/03/09,17:58:56
12485,33.784254,-84.379134,281.3,0.000,,2013/03/09,17:58:57
12486,33.784258,-84.378918,271.7,0.000,,2013/03/09,17:59:02
12487,33.784240,-84.378758,266.9,0.000,,2013/03/09,17:59:05
12488,33.784245,-84.378475,263.5,0.000,,2013/03/09,17:59:11
12489,33.784248,-84.378373,264.0,0.000,,2013/03/09,17:59:13
12490,33.784234,-84.378230,262.6,0.000,,2013/03/09,17:59:17
12491,33.784129,-84.378055,263.1,0.000,,2013/03/09,17:59:20
12492,33.784034,-84.377838,264.5,0.000,,2013/03/09,17:59:24
12493,33.783973,-84.377702,265.9,0.000,,2013/03/09,17:59:27
12494,33.783895,-84.377518,267.4,0.000,,2013/03/09,17:59:31
12495,33.783732,-84.377380,265.5,0.000,,2013/03/09,17:59:37
12496,33.783612,-84.377142,265.5,0.000,,2013/03/09,17:59:42
12497,33.783543,-84.376883,263.1,0.000,,2013/03/09,17:59:46
12498,33.783525,-84.376675,263.1,0.000,,2013/03/09,17:59:49
12499,33.783559,-84.376183,262.6,0.000,,2013/03/09,17:59:56
12500,33.783589,-84.375829,263.1,0.000,,2013/03/09,18:00:02
12501,33.783593,-84.375540,264.0,0.000,,2013/03/09,18:00:08
12502,33.783595,-84.375305,266.4,0.000,,2013/03/09,18:00:14
12503,33.783592,-84.375051,267.9,0.000,,2013/03/09,18:00:18
12504,33.783573,-84.374671,272.7,0.000,,2013/03/09,18:00:23
12505,33.783524,-84.374506,271.2,0.000,,2013/03/09,18:00:27
12506,33.783400,-84.374185,266.4,0.000,,2013/03/09,18:00:33
12507,33.783360,-84.374082,264.5,0.000,,2013/03/09,18:00:35
12508,33.783271,-84.373874,262.1,0.000,,2013/03/09,18:00:39
12509,33.783135,-84.373626,256.3,0.000,,2013/03/09,18:00:45
12510,33.783109,-84.373592,257.3,0.000,,2013/03/09,18:00:46
12511,33.782966,-84.373407,248.6,0.000,,2013/03/09,18:00:51
12512,33.782820,-84.373253,243.4,0.000,,2013/03/09,18:00:56
12513,33.782756,-84.373191,240.9,0.000,,2013/03/09,18:00:58
12514,33.782642,-84.373080,238.5,0.000,,2013/03/09,18:01:02
12515,33.782436,-84.372925,249.6,0.000,,2013/03/09,18:01:09
12516,33.782268,-84.372894,253.9,0.000,,2013/03/09,18:01:15
12517,33.782098,-84.372842,259.2,0.000,,2013/03/09,18:01:21
12518,33.781980,-84.372847,262.1,0.000,,2013/03/09,18:01:26
12519,33.781926,-84.372849,264.5,0.000,,2013/03/09,18:01:29
12520,33.781864,-84.372830,268.3,0.000,,2013/03/09,18:01:40
12521,33.781860,-84.372818,268.3,0.000,,2013/03/09,18:01:41
12522,33.781864,-84.372704,266.9,0.000,,2013/03/09,18:01:46
12523,33.781867,-84.372538,265.5,0.000,,2013/03/09,18:01:50
12524,33.781820,-84.372152,264.5,0.000,,2013/03/09,18:01:55
12525,33.781839,-84.371782,263.5,0.000,,2013/03/09,18:01:59
12526,33.781863,-84.370983,261.6,0.000,,2013/03/09,18:02:08
12527,33.781881,-84.370666,260.2,0.000,,2013/03/09,18:02:13
12528,33.781879,-84.370338,259.2,0.000,,2013/03/09,18:02:19
12529,33.781871,-84.370075,259.7,0.000,,2013/03/09,18:02:25
12530,33.781875,-84.369783,260.7,0.000,,2013/03/09,18:02:33
12531,33.781875,-84.369587,261.1,0.000,,2013/03/09,18:02:40
12532,33.781882,-84.369399,262.1,0.000,,2013/03/09,18:02:47
12533,33.781886,-84.369217,263.1,0.000,,2013/03/09,18:02:55
12534,33.781875,-84.369099,265.0,0.000,,2013/03/09,18:03:01
12535,33.781875,-84.369056,266.4,0.000,,2013/03/09,18:03:05
12536,33.781950,-84.369021,266.4,0.000,,2013/03/09,18:03:11
12537,33.782039,-84.368945,265.5,0.000,,2013/03/09,18:03:15
12538,33.782120,-84.368826,265.5,0.000,,2013/03/09,18:03:21
12539,33.782188,-84.368824,264.5,0.000,,2013/03/09,18:03:26
12540,33.782320,-84.368913,263.1,0.000,,2013/03/09,18:03:31
12541,33.782495,-84.369015,261.6,0.000,,2013/03/09,18:03:37
12542,33.782659,-84.369150,262.6,0.000,,2013/03/09,18:03:43
12543,33.782843,-84.369281,263.1,0.000,,2013/03/09,18:03:50
12544,33.782944,-84.369366,262.1,0.000,,2013/03/09,18:03:55
12545,33.783061,-84.369466,262.1,0.000,,2013/03/09,18:04:00
12546,33.783237,-84.369603,263.5,0.000,,2013/03/09,18:04:06
12547,33.783375,-84.369720,263.5,0.000,,2013/03/09,18:04:11
12548,33.783531,-84.369842,264.0,0.000,,2013/03/09,18:04:17
12549,33.783686,-84.369959,265.9,0.000,,2013/03/09,18:04:23
12550,33.783801,-84.370046,265.0,0.000,,2013/03/09,18:04:28
12551,33.783921,-84.370125,264.5,0.000,,2013/03/09,18:04:33
12552,33.784013,-84.370202,263.5,0.000,,2013/03/09,18:04:38
12553,33.784021,-84.370262,264.5,0.000,,2013/03/09,18:04:42
12554,33.784016,-84.370276,264.5,0.000,,2013/03/09,18:04:43
12555,33.784000,-84.370424,266.9,0.000,,2013/03/09,18:04:51
12556,33.784005,-84.370470,267.4,0.000,,2013/03/09,18:04:54
12557,33.784019,-84.370495,267.9,0.000,,2013/03/09,18:04:57
12558,33.784015,-84.370513,270.3,0.000,,2013/03/09,18:05:03
12559,33.784006,-84.370546,273.2,0.000,,2013/03/09,18:05:19
12560,33.784046,-84.370668,271.2,0.000,,2013/03/09,18:05:28
12561,33.784103,-84.370813,267.4,0.000,,2013/03/09,18:05:34
12562,33.784129,-84.370888,265.9,0.000,,2013/03/09,18:05:40
12563,33.784119,-84.370896,265.9,0.000,,2013/03/09,18:05:42
12564,33.784001,-84.371009,266.4,0.000,,2013/03/09,18:05:48
12565,33.783809,-84.371121,266.9,0.000,,2013/03/09,18:05:56
12566,33.783626,-84.371134,265.5,0.000,,2013/03/09,18:06:02
12567,33.783429,-84.371073,264.0,0.000,,2013/03/09,18:06:09
12568,33.783246,-84.370919,264.5,0.000,,2013/03/09,18:06:17
12569,33.783146,-84.370717,264.5,0.000,,2013/03/09,18:06:23
12570,33.783062,-84.370437,264.5,0.000,,2013/03/09,18:06:31
12571,33.782986,-84.370173,264.0,0.000,,2013/03/09,18:06:39
12572,33.782893,-84.370029,263.1,0.000,,2013/03/09,18:06:45
12573,33.782746,-84.369902,265.0,0.000,,2013/03/09,18:06:52
12574,33.782547,-84.369857,263.5,0.000,,2013/03/09,18:07:01
12575,33.782434,-84.369871,262.6,0.000,,2013/03/09,18:07:07
12576,33.782327,-84.369897,263.5,0.000,,2013/03/09,18:07:16
12577,33.782288,-84.369923,265.5,0.000,,2013/03/09,18:07:21
12578,33.782268,-84.369921,269.8,0.000,,2013/03/09,18:07:32
12579,33.782221,-84.369959,273.6,0.000,,2013/03/09,18:07:38
12580,33.782078,-84.370138,273.6,0.000,,2013/03/09,18:07:44
12581,33.782044,-84.370289,274.1,0.000,,2013/03/09,18:07:48
12582,33.781982,-84.370511,274.6,0.000,,2013/03/09,18:07:55
12583,33.781983,-84.370612,273.6,0.000,,2013/03/09,18:07:59
12584,33.781972,-84.370642,273.2,0.000,,2013/03/09,18:08:05
12585,33.781962,-84.370644,270.7,0.000,,2013/03/09,18:08:13
12586,33.781975,-84.370640,269.8,0.000,,2013/03/09,18:08:20
12587,33.781977,-84.370624,266.9,0.000,,2013/03/09,18:08:26
12588,33.782000,-84.370602,262.1,0.000,,2013/03/09,18:09:12
12589,33.782002,-84.370604,262.1,0.000,,2013/03/09,18:09:23
12590,33.782003,-84.370597,262.6,0.000,,2013/03/09,18:09:30
12591,33.781993,-84.370571,264.0,0.000,,2013/03/09,18:09:42
12592,33.782004,-84.370425,264.0,0.000,,2013/03/09,18:09:47
12593,33.782034,-84.370272,263.5,0.000,,2013/03/09,18:09:51
12594,33.782052,-84.370037,263.5,0.000,,2013/03/09,18:09:56
12595,33.781977,-84.369918,263.5,0.000,,2013/03/09,18:10:00
12596,33.781879,-84.369800,262.6,0.000,,2013/03/09,18:10:05
12597,33.781862,-84.369584,262.1,0.000,,2013/03/09,18:10:10
12598,33.781869,-84.369307,260.7,0.000,,2013/03/09,18:10:17
12599,33.781841,-84.369120,260.7,0.000,,2013/03/09,18:10:23
12600,33.781788,-84.368974,262.1,0.000,,2013/03/09,18:10:28
12601,33.781787,-84.368869,261.6,0.000,,2013/03/09,18:10:34
12602,33.781779,-84.368857,265.5,0.000,,2013/03/09,18:10:48
12603,33.781785,-84.368836,267.9,0.000,,2013/03/09,18:11:08
12604,33.781783,-84.368831,272.7,0.000,,2013/03/09,18:11:34
12605,33.781795,-84.368774,269.8,0.000,,2013/03/09,18:11:48
12606,33.781801,-84.368710,269.8,0.000,,2013/03/09,18:11:50
12607,33.781898,-84.368559,269.3,0.000,,2013/03/09,18:11:56
12608,33.781880,-84.368453,267.9,0.000,,2013/03/09,18:11:59
12609,33.781799,-84.368381,266.4,0.000,,2013/03/09,18:12:02
12610,33.781469,-84.368146,264.5,0.000,,2013/03/09,18:12:12
12611,33.781205,-84.367920,265.5,0.000,,2013/03/09,18:12:20
12612,33.781146,-84.367872,265.9,0.000,,2013/03/09,18:12:22
12613,33.781049,-84.367826,269.3,0.000,,2013/03/09,18:12:27
12614,33.780905,-84.367728,264.5,0.000,,2013/03/09,18:12:33
12615,33.780765,-84.367568,261.1,0.000,,2013/03/09,18:12:38
12616,33.780606,-84.367388,259.7,0.000,,2013/03/09,18:12:43
12617,33.780497,-84.367329,259.7,0.000,,2013/03/09,18:12:46
12618,33.780260,-84.367132,259.2,0.000,,2013/03/09,18:12:54
12619,33.780030,-84.366951,257.8,0.000,,2013/03/09,18:13:01
12620,33.779900,-84.366876,259.7,0.000,,2013/03/09,18:13:05
12621,33.779684,-84.366720,265.0,0.000,,2013/03/09,18:13:11
12622,33.779414,-84.366526,267.9,0.000,,2013/03/09,18:13:20
12623,33.779203,-84.366394,269.3,0.000,,2013/03/09,18:13:26
12624,33.778908,-84.366223,266.4,0.000,,2013/03/09,18:13:35
12625,33.778612,-84.366061,266.4,0.000,,2013/03/09,18:13:44
12626,33.778311,-84.365941,264.5,0.000,,2013/03/09,18:13:53
12627,33.778061,-84.365820,264.5,0.000,,2013/03/09,18:13:59
12628,33.777741,-84.365746,265.0,0.000,,2013/03/09,18:14:07
12629,33.777531,-84.365671,265.9,0.000,,2013/03/09,18:14:13
12630,33.777280,-84.365596,266.4,0.000,,2013/03/09,18:14:20
12631,33.777064,-84.365526,267.9,0.000,,2013/03/09,18:14:26
12632,33.776827,-84.365456,269.3,0.000,,2013/03/09,18:14:34
12633,33.776675,-84.365394,270.7,0.000,,2013/03/09,18:14:42
12634,33.776558,-84.365372,271.2,0.000,,2013/03/09,18:14:45
12635,33.776304,-84.365324,272.7,0.000,,2013/03/09,18:14:52
12636,33.775858,-84.365214,274.1,0.000,,2013/03/09,18:15:04
12637,33.775530,-84.365124,272.7,0.000,,2013/03/09,18:15:13
12638,33.775153,-84.365039,274.6,0.000,,2013/03/09,18:15:23
12639,33.774796,-84.364945,273.2,0.000,,2013/03/09,18:15:33
12640,33.774492,-84.364881,274.1,0.000,,2013/03/09,18:15:41
12641,33.774199,-84.364832,273.2,0.000,,2013/03/09,18:15:50
12642,33.773891,-84.364785,275.1,0.000,,2013/03/09,18:16:01
12643,33.773647,-84.364705,275.1,0.000,,2013/03/09,18:16:10
12644,33.773429,-84.364664,277.5,0.000,,2013/03/09,18:16:16
12645,33.773181,-84.364603,284.7,0.000,,2013/03/09,18:16:23
12646,33.772898,-84.364531,288.5,0.000,,2013/03/09,18:16:31
12647,33.772657,-84.364440,288.1,0.000,,2013/03/09,18:16:39
12648,33.772420,-84.364411,289.0,0.000,,2013/03/09,18:16:46
12649,33.772247,-84.364377,290.0,0.000,,2013/03/09,18:16:52
12650,33.772121,-84.364348,289.5,0.000,,2013/03/09,18:16:59
12651,33.772023,-84.364319,290.5,0.000,,2013/03/09,18:17:06
12652,33.771923,-84.364284,293.3,0.000,,2013/03/09,18:17:13
12653,33.771812,-84.364233,291.4,0.000,,2013/03/09,18:17:22
12654,33.771744,-84.364201,290.5,0.000,,2013/03/09,18:17:28
12655,33.771742,-84.364173,289.5,0.000,,2013/03/09,18:17:34
12656,33.771737,-84.364131,288.5,0.000,,2013/03/09,18:17:48
12657,33.771727,-84.364126,288.5,0.000,,2013/03/09,18:17:49
12658,33.771571,-84.364068,289.0,0.000,,2013/03/09,18:17:55
12659,33.771373,-84.363995,290.0,0.000,,2013/03/09,18:18:02
12660,33.771204,-84.363995,290.5,0.000,,2013/03/09,18:18:09
12661,33.771001,-84.363896,291.9,0.000,,2013/03/09,18:18:16
12662,33.770871,-84.363776,292.9,0.000,,2013/03/09,18:18:21
12663,33.770636,-84.363650,292.4,0.000,,2013/03/09,18:18:29
12664,33.770504,-84.363542,290.0,0.000,,2013/03/09,18:18:35
12665,33.770480,-84.363466,286.6,0.000,,2013/03/09,18:18:40
12666,33.770477,-84.363459,283.2,0.000,,2013/03/09,18:18:49
12667,33.770439,-84.363430,283.2,0.000,,2013/03/09,18:18:55
12668,33.770458,-84.363445,284.2,0.000,,2013/03/09,18:19:01
12669,33.770477,-84.363464,284.7,0.000,,2013/03/09,18:19:06
12670,33.770459,-84.363470,286.1,0.000,,2013/03/09,18:19:17
12671,33.770428,-84.363459,286.1,0.000,,2013/03/09,18:19:23
12672,33.770420,-84.363454,287.6,0.000,,2013/03/09,18:19:41
12673,33.770391,-84.363420,295.3,0.000,,2013/03/09,18:20:06
12674,33.770389,-84.363440,297.7,0.000,,2013/03/09,18:20:16
12675,33.770383,-84.363466,296.7,0.000,,2013/03/09,18:20:22
12676,33.770352,-84.363480,296.2,0.000,,2013/03/09,18:20:27
12677,33.770318,-84.363459,296.2,0.000,,2013/03/09,18:20:29
12678,33.770164,-84.363356,295.7,0.000,,2013/03/09,18:20:36
12679,33.769963,-84.363207,295.7,0.000,,2013/03/09,18:20:44
12680,33.769763,-84.363042,295.7,0.000,,2013/03/09,18:20:53
12681,33.769587,-84.362876,296.2,0.000,,2013/03/09,18:21:02
12682,33.769394,-84.362743,298.6,0.000,,2013/03/09,18:21:10
12683,33.769402,-84.362695,298.6,0.000,,2013/03/09,18:21:15
12684,33.769451,-84.362719,297.7,0.000,,2013/03/09,18:21:20
12685,33.769401,-84.362724,299.6,0.000,,2013/03/09,18:21:24
12686,33.769284,-84.362611,302.5,0.000,,2013/03/09,18:21:31
12687,33.769113,-84.362482,305.4,0.000,,2013/03/09,18:21:38
12688,33.768839,-84.362249,302.0,0.000,,2013/03/09,18:21:48
12689,33.768560,-84.361973,299.6,0.000,,2013/03/09,18:21:59
12690,33.768330,-84.361745,297.7,0.000,,2013/03/09,18:22:08
12691,33.768156,-84.361561,297.2,0.000,,2013/03/09,18:22:15
12692,33.767944,-84.361346,298.6,0.000,,2013/03/09,18:22:23
12693,33.767687,-84.361079,300.1,0.000,,2013/03/09,18:22:33
12694,33.767535,-84.360915,299.6,0.000,,2013/03/09,18:22:39
12695,33.767326,-84.360684,295.7,0.000,,2013/03/09,18:22:47
12696,33.767084,-84.360424,295.7,0.000,,2013/03/09,18:22:55
12697,33.766919,-84.360294,297.7,0.000,,2013/03/09,18:23:00
12698,33.766671,-84.360104,300.5,0.000,,2013/03/09,18:23:08
12699,33.766445,-84.359998,302.0,0.000,,2013/03/09,18:23:15
12700,33.766164,-84.359876,303.9,0.000,,2013/03/09,18:23:23
12701,33.765956,-84.359785,302.5,0.000,,2013/03/09,18:23:30
12702,33.765809,-84.359730,303.9,0.000,,2013/03/09,18:23:36
12703,33.765640,-84.359674,305.8,0.000,,2013/03/09,18:23:42
12704,33.765381,-84.359610,305.4,0.000,,2013/03/09,18:23:50
12705,33.765063,-84.359606,305.8,0.000,,2013/03/09,18:23:58
12706,33.764745,-84.359616,302.5,0.000,,2013/03/09,18:24:06
12707,33.764510,-84.359610,292.9,0.000,,2013/03/09,18:24:13
12708,33.764372,-84.359660,293.8,0.000,,2013/03/09,18:24:17
12709,33.764187,-84.359652,298.1,0.000,,2013/03/09,18:24:23
12710,33.764116,-84.359495,295.7,0.000,,2013/03/09,18:24:29
12711,33.764033,-84.359237,293.8,0.000,,2013/03/09,18:24:36
12712,33.763872,-84.359114,293.8,0.000,,2013/03/09,18:24:42
12713,33.763806,-84.359049,292.9,0.000,,2013/03/09,18:24:46
12714,33.763772,-84.359017,290.9,0.000,,2013/03/09,18:24:52
12715,33.763651,-84.358911,293.3,0.000,,2013/03/09,18:24:59
12716,33.763493,-84.358772,301.0,0.000,,2013/03/09,18:25:05
12717,33.763344,-84.358622,307.3,0.000,,2013/03/09,18:25:12
12718,33.763199,-84.358359,310.6,0.000,,2013/03/09,18:25:22
12719,33.763158,-84.358248,305.8,0.000,,2013/03/09,18:25:28
12720,33.763114,-84.358131,299.6,0.000,,2013/03/09,18:25:35
12721,33.763066,-84.358057,300.1,0.000,,2013/03/09,18:25:42
12722,33.762989,-84.358051,299.6,0.000,,2013/03/09,18:25:47
12723,33.762800,-84.358063,300.5,0.000,,2013/03/09,18:25:52
12724,33.762517,-84.358040,296.2,0.000,,2013/03/09,18:25:58
12725,33.762219,-84.358011,294.3,0.000,,2013/03/09,18:26:04
12726,33.761929,-84.357993,291.9,0.000,,2013/03/09,18:26:10
12727,33.761747,-84.357974,290.5,0.000,,2013/03/09,18:26:14
12728,33.761624,-84.358069,290.5,0.000,,2013/03/09,18:26:19
12729,33.761504,-84.358240,290.5,0.000,,2013/03/09,18:26:26
12730,33.761484,-84.358281,291.4,0.000,,2013/03/09,18:26:28
12731,33.761530,-84.358477,290.0,0.000,,2013/03/09,18:26:34
12732,33.761473,-84.358592,290.0,0.000,,2013/03/09,18:26:38
12733,33.761401,-84.358660,290.0,0.000,,2013/03/09,18:26:41
12734,33.761382,-84.358747,297.2,0.000,,2013/03/09,18:26:46
12735,33.761377,-84.358757,297.2,0.000,,2013/03/09,18:26:55
12736,33.761367,-84.358749,297.7,0.000,,2013/03/09,18:27:02
12737,33.761349,-84.358771,300.5,0.000,,2013/03/09,18:27:10
12738,33.761351,-84.358775,302.5,0.000,,2013/03/09,18:27:20
12739,33.761393,-84.358721,298.6,0.000,,2013/03/09,18:27:31
12740,33.761390,-84.358750,301.5,0.000,,2013/03/09,18:27:37
12741,33.761356,-84.358779,310.6,0.000,,2013/03/09,18:27:45
12742,33.761354,-84.358806,307.3,0.000,,2013/03/09,18:28:14
12743,33.761354,-84.358786,304.9,0.000,,2013/03/09,18:28:21
12744,33.761374,-84.358785,305.8,0.000,,2013/03/09,18:28:43
12745,33.761377,-84.358762,300.1,0.000,,2013/03/09,18:28:50
12746,33.761406,-84.358742,289.5,0.000,,2013/03/09,18:29:00
12747,33.761420,-84.358757,290.9,0.000,,2013/03/09,18:29:10
12748,33.761411,-84.358765,292.4,0.000,,2013/03/09,18:29:12
12749,33.761368,-84.358756,297.2,0.000,,2013/03/09,18:29:18
12750,33.761336,-84.358751,300.1,0.000,,2013/03/09,18:29:28
12751,33.761337,-84.358738,300.1,0.000,,2013/03/09,18:29:42
12752,33.761343,-84.358716,306.8,0.000,,2013/03/09,18:29:56
12753,33.761351,-84.358691,301.5,0.000,,2013/03/09,18:30:06
12754,33.761350,-84.358624,303.9,0.000,,2013/03/09,18:30:34
12755,33.761357,-84.358651,304.4,0.000,,2013/03/09,18:31:00
12756,33.761356,-84.358640,302.0,0.000,,2013/03/09,18:31:12
12757,33.761369,-84.358582,299.6,0.000,,2013/03/09,18:31:16
12758,33.761473,-84.358487,295.7,0.000,,2013/03/09,18:31:22
12759,33.761470,-84.358371,293.3,0.000,,2013/03/09,18:31:27
12760,33.761433,-84.358310,293.8,0.000,,2013/03/09,18:31:31
12761,33.761405,-84.358265,292.9,0.000,,2013/03/09,18:31:33
12762,33.761429,-84.358111,290.5,0.000,,2013/03/09,18:31:37
12763,33.761516,-84.358006,289.5,0.000,,2013/03/09,18:31:41
12764,33.761762,-84.357934,288.5,0.000,,2013/03/09,18:31:47
12765,33.761918,-84.357923,287.1,0.000,,2013/03/09,18:31:50
12766,33.762224,-84.357932,285.2,0.000,,2013/03/09,18:31:56
12767,33.762379,-84.357966,285.2,0.000,,2013/03/09,18:31:58
12768,33.762759,-84.357971,290.9,0.000,,2013/03/09,18:32:05
12769,33.762901,-84.357979,292.9,0.000,,2013/03/09,18:32:10
12770,33.762972,-84.357988,293.8,0.000,,2013/03/09,18:32:15
12771,33.763072,-84.357866,295.3,0.000,,2013/03/09,18:32:20
12772,33.763107,-84.357662,300.5,0.000,,2013/03/09,18:32:26
12773,33.763214,-84.357472,301.0,0.000,,2013/03/09,18:32:32
12774,33.763300,-84.357332,298.6,0.000,,2013/03/09,18:32:38
12775,33.763413,-84.357293,295.3,0.000,,2013/03/09,18:32:42
12776,33.763594,-84.357198,299.6,0.000,,2013/03/09,18:32:48
12777,33.763715,-84.357155,300.1,0.000,,2013/03/09,18:32:53
12778,33.763884,-84.357120,298.6,0.000,,2013/03/09,18:33:00
12779,33.764001,-84.357103,300.1,0.000,,2013/03/09,18:33:06
12780,33.764012,-84.357108,300.5,0.000,,2013/03/09,18:33:07
12781,33.764077,-84.357048,304.9,0.000,,2013/03/09,18:33:13
12782,33.764186,-84.357000,305.4,0.000,,2013/03/09,18:33:20
12783,33.764202,-84.356997,305.4,0.000,,2013/03/09,18:33:21
12784,33.764252,-84.356958,304.9,0.000,,2013/03/09,18:33:25
12785,33.764269,-84.356779,304.9,0.000,,2013/03/09,18:33:33
12786,33.764292,-84.356528,303.9,0.000,,2013/03/09,18:33:42
12787,33.764379,-84.356300,303.4,0.000,,2013/03/09,18:33:49
12788,33.764508,-84.356101,303.4,0.000,,2013/03/09,18:33:56
12789,33.764628,-84.355940,305.8,0.000,,2013/03/09,18:34:02
12790,33.764798,-84.355723,305.8,0.000,,2013/03/09,18:34:09
12791,33.764937,-84.355558,303.9,0.000,,2013/03/09,18:34:15
12792,33.765087,-84.355436,308.7,0.000,,2013/03/09,18:34:21
12793,33.765225,-84.355402,308.7,0.000,,2013/03/09,18:34:25
12794,33.765413,-84.355414,308.7,0.000,,2013/03/09,18:34:30
12795,33.765588,-84.355413,307.3,0.000,,2013/03/09,18:34:36
12796,33.765784,-84.355399,304.9,0.000,,2013/03/09,18:34:42
12797,33.765995,-84.355368,304.9,0.000,,2013/03/09,18:34:47
12798,33.766139,-84.355268,307.8,0.000,,2013/03/09,18:34:52
12799,33.766238,-84.355166,311.1,0.000,,2013/03/09,18:34:56
12800,33.766410,-84.355011,315.4,0.000,,2013/03/09,18:35:02
12801,33.766537,-84.354907,315.4,0.000,,2013/03/09,18:35:07
12802,33.766682,-84.354783,316.4,0.000,,2013/03/09,18:35:13
12803,33.766758,-84.354729,315.4,0.000,,2013/03/09,18:35:17
12804,33.766856,-84.354651,313.5,0.000,,2013/03/09,18:35:22
12805,33.766976,-84.354549,311.1,0.000,,2013/03/09,18:35:28
12806,33.767024,-84.354505,310.2,0.000,,2013/03/09,18:35:31
12807,33.767092,-84.354415,309.2,0.000,,2013/03/09,18:35:36
12808,33.767164,-84.354331,309.2,0.000,,2013/03/09,18:35:41
12809,33.767233,-84.354254,307.8,0.000,,2013/03/09,18:35:46
12810,33.767337,-84.354183,306.8,0.000,,2013/03/09,18:35:50
12811,33.767431,-84.354116,306.3,0.000,,2013/03/09,18:35:53
12812,33.767746,-84.353910,306.8,0.000,,2013/03/09,18:36:00
12813,33.767930,-84.353798,306.8,0.000,,2013/03/09,18:36:03
12814,33.768232,-84.353409,305.8,0.000,,2013/03/09,18:36:10
12815,33.768371,-84.353142,302.5,0.000,,2013/03/09,18:36:15
12816,33.768427,-84.353025,302.5,0.000,,2013/03/09,18:36:18
12817,33.768563,-84.352893,308.2,0.000,,2013/03/09,18:36:22
12818,33.768753,-84.352743,313.0,0.000,,2013/03/09,18:36:30
12819,33.768820,-84.352681,314.0,0.000,,2013/03/09,18:36:34
12820,33.768833,-84.352670,319.3,0.000,,2013/03/09,18:36:43
12821,33.768858,-84.352628,317.9,0.000,,2013/03/09,18:36:53
12822,33.768888,-84.352632,313.5,0.000,,2013/03/09,18:37:03
12823,33.768891,-84.352630,313.0,0.000,,2013/03/09,18:37:04
12824,33.768984,-84.352512,314.5,0.000,,2013/03/09,18:37:10
12825,33.769007,-84.352488,314.5,0.000,,2013/03/09,18:37:12
12826,33.769018,-84.352484,314.0,0.000,,2013/03/09,18:37:20
12827,33.769025,-84.352474,318.3,0.000,,2013/03/09,18:37:31
12828,33.769053,-84.352489,319.8,0.000,,2013/03/09,18:37:56
12829,33.769229,-84.352494,319.8,0.000,,2013/03/09,18:38:04
12830,33.769441,-84.352500,319.3,0.000,,2013/03/09,18:38:10
12831,33.769750,-84.352483,317.9,0.000,,2013/03/09,18:38:17
12832,33.769924,-84.352504,316.9,0.000,,2013/03/09,18:38:21
12833,33.770204,-84.352486,315.4,0.000,,2013/03/09,18:38:26
12834,33.770697,-84.352531,316.9,0.000,,2013/03/09,18:38:35
12835,33.770735,-84.352530,315.9,0.000,,2013/03/09,18:38:36
12836,33.770862,-84.352532,314.5,0.000,,2013/03/09,18:38:41
12837,33.770979,-84.352534,313.5,0.000,,2013/03/09,18:38:46
12838,33.771002,-84.352536,314.0,0.000,,2013/03/09,18:38:48
12839,33.771043,-84.352529,314.0,0.000,,2013/03/09,18:38:54
12840,33.771111,-84.352506,316.4,0.000,,2013/03/09,18:39:06
12841,33.771235,-84.352492,315.9,0.000,,2013/03/09,18:39:11
12842,33.771416,-84.352495,315.9,0.000,,2013/03/09,18:39:14
12843,33.771951,-84.352540,314.5,0.000,,2013/03/09,18:39:21
12844,33.772344,-84.352540,313.5,0.000,,2013/03/09,18:39:28
12845,33.772729,-84.352532,311.6,0.000,,2013/03/09,18:39:35
12846,33.772874,-84.352536,312.1,0.000,,2013/03/09,18:39:38
12847,33.773022,-84.352617,312.1,0.000,,2013/03/09,18:39:42
12848,33.773149,-84.352621,312.6,0.000,,2013/03/09,18:39:47
12849,33.773230,-84.352606,312.1,0.000,,2013/03/09,18:39:51
12850,33.773332,-84.352576,315.9,0.000,,2013/03/09,18:39:56
12851,33.773412,-84.352568,315.9,0.000,,2013/03/09,18:40:00
12852,33.773446,-84.352681,310.6,0.000,,2013/03/09,18:40:06
12853,33.773445,-84.352852,307.8,0.000,,2013/03/09,18:40:12
12854,33.773441,-84.352979,306.3,0.000,,2013/03/09,18:40:17
12855,33.773433,-84.353014,306.3,0.000,,2013/03/09,18:40:19
12856,33.773434,-84.353097,309.7,0.000,,2013/03/09,18:40:28
12857,33.773468,-84.353176,319.3,0.000,,2013/03/09,18:40:41
12858,33.773481,-84.353202,314.5,0.000,,2013/03/09,18:40:51
12859,33.773546,-84.353203,311.1,0.000,,2013/03/09,18:41:08
12860,33.773578,-84.353198,309.7,0.000,,2013/03/09,18:41:21
12861,33.773697,-84.353199,319.8,0.000,,2013/03/09,18:42:12
12862,33.773710,-84.353195,332.3,0.000,,2013/03/09,18:42:30
12863,33.773685,-84.353197,327.5,0.000,,2013/03/09,18:42:55
12864,33.773708,-84.353187,327.5,0.000,,2013/03/09,18:43:17
12865,33.773670,-84.353183,326.0,0.000,,2013/03/09,18:43:39
12866,33.773701,-84.353178,331.8,0.000,,2013/03/09,18:44:13
12867,33.773713,-84.353150,321.7,0.000,,2013/03/09,18:44:21
12868,33.773694,-84.353162,301.5,0.000,,2013/03/09,18:44:38
12869,33.773561,-84.353121,301.5,0.000,,2013/03/09,18:45:32
12870,33.773590,-84.353079,305.8,0.000,,2013/03/09,18:45:57
12871,33.773587,-84.353058,301.0,0.000,,2013/03/09,18:46:11
12872,33.773662,-84.353034,300.1,0.000,,2013/03/09,18:46:23
12873,33.773663,-84.353032,300.1,0.000,,2013/03/09,18:46:35
12874,33.773635,-84.353059,297.7,0.000,,2013/03/09,18:46:47
12875,33.773576,-84.353098,293.8,0.000,,2013/03/09,18:47:13
12876,33.773548,-84.353106,298.1,0.000,,2013/03/09,18:47:33
12877,33.773445,-84.353115,306.8,0.000,,2013/03/09,18:48:11
12878,33.773439,-84.353124,303.0,0.000,,2013/03/09,18:48:39
12879,33.773444,-84.353120,303.4,0.000,,2013/03/09,18:48:52
12880,33.773435,-84.353120,303.4,0.000,,2013/03/09,18:49:01
12881,33.773487,-84.353093,303.0,0.000,,2013/03/09,18:49:57
12882,33.773498,-84.353093,303.4,0.000,,2013/03/09,18:49:58
12883,33.773562,-84.353178,303.9,0.000,,2013/03/09,18:50:03
12884,33.773569,-84.353206,303.4,0.000,,2013/03/09,18:50:05
12885,33.773597,-84.353332,302.5,0.000,,2013/03/09,18:50:10
12886,33.773562,-84.353498,303.4,0.000,,2013/03/09,18:50:15
12887,33.773450,-84.353531,303.9,0.000,,2013/03/09,18:50:19
12888,33.773221,-84.353540,304.9,0.000,,2013/03/09,18:50:26
12889,33.772913,-84.353553,306.8,0.000,,2013/03/09,18:50:34
12890,33.772678,-84.353557,306.8,0.000,,2013/03/09,18:50:40
12891,33.772581,-84.353548,306.3,0.000,,2013/03/09,18:50:44
12892,33.772506,-84.353538,304.9,0.000,,2013/03/09,18:50:48
12893,33.772437,-84.353373,303.0,0.000,,2013/03/09,18:50:53
12894,33.772433,-84.353326,302.5,0.000,,2013/03/09,18:50:54
12895,33.772423,-84.352886,299.6,0.000,,2013/03/09,18:51:04
12896,33.772405,-84.352645,300.5,0.000,,2013/03/09,18:51:11
12897,33.772396,-84.352587,301.0,0.000,,2013/03/09,18:51:13
12898,33.772279,-84.352559,304.4,0.000,,2013/03/09,18:51:17
12899,33.771886,-84.352583,308.7,0.000,,2013/03/09,18:51:26
12900,33.771491,-84.352592,312.1,0.000,,2013/03/09,18:51:35
12901,33.771313,-84.352592,312.6,0.000,,2013/03/09,18:51:41
12902,33.771231,-84.352588,312.6,0.000,,2013/03/09,18:51:46
12903,33.771224,-84.352578,312.1,0.000,,2013/03/09,18:51:54
12904,33.771185,-84.352560,312.6,0.000,,2013/03/09,18:52:29
12905,33.770986,-84.352561,312.6,0.000,,2013/03/09,18:52:35
12906,33.770748,-84.352576,313.5,0.000,,2013/03/09,18:52:41
12907,33.770477,-84.352583,315.4,0.000,,2013/03/09,18:52:48
12908,33.770105,-84.352592,317.4,0.000,,2013/03/09,18:52:58
12909,33.769794,-84.352607,319.3,0.000,,2013/03/09,18:53:06
12910,33.769518,-84.352613,319.8,0.000,,2013/03/09,18:53:14
12911,33.769286,-84.352626,319.8,0.000,,2013/03/09,18:53:21
12912,33.769254,-84.352626,320.3,0.000,,2013/03/09,18:53:23
12913,33.769227,-84.352618,318.8,0.000,,2013/03/09,18:53:46
12914,33.769226,-84.352618,318.3,0.000,,2013/03/09,18:53:54
12915,33.769077,-84.352635,318.3,0.000,,2013/03/09,18:54:00
12916,33.768896,-84.352660,318.3,0.000,,2013/03/09,18:54:05
12917,33.768803,-84.352772,317.9,0.000,,2013/03/09,18:54:09
12918,33.768577,-84.352930,315.0,0.000,,2013/03/09,18:54:15
12919,33.768545,-84.352965,314.5,0.000,,2013/03/09,18:54:16
12920,33.768490,-84.353040,313.5,0.000,,2013/03/09,18:54:18
12921,33.768317,-84.353421,314.0,0.000,,2013/03/09,18:54:26
12922,33.768141,-84.353701,315.4,0.000,,2013/03/09,18:54:32
12923,33.767919,-84.353914,315.9,0.000,,2013/03/09,18:54:38
12924,33.767778,-84.354011,314.0,0.000,,2013/03/09,18:54:42
12925,33.767564,-84.354135,311.6,0.000,,2013/03/09,18:54:48
12926,33.767358,-84.354311,307.8,0.000,,2013/03/09,18:54:55
12927,33.767174,-84.354463,306.3,0.000,,2013/03/09,18:55:01
12928,33.766995,-84.354602,298.1,0.000,,2013/03/09,18:55:07
12929,33.766810,-84.354755,296.7,0.000,,2013/03/09,18:55:11
12930,33.766524,-84.355050,294.8,0.000,,2013/03/09,18:55:17
12931,33.766278,-84.355207,292.9,0.000,,2013/03/09,18:55:21
12932,33.765939,-84.355368,296.2,0.000,,2013/03/09,18:55:26
12933,33.765627,-84.355387,296.2,0.000,,2013/03/09,18:55:31
12934,33.765413,-84.355376,296.7,0.000,,2013/03/09,18:55:35
12935,33.765088,-84.355448,298.6,0.000,,2013/03/09,18:55:40
12936,33.764914,-84.355626,297.2,0.000,,2013/03/09,18:55:44
12937,33.764613,-84.356001,301.5,0.000,,2013/03/09,18:55:52
12938,33.764364,-84.356357,302.5,0.000,,2013/03/09,18:56:00
12939,33.764278,-84.356381,303.0,0.000,,2013/03/09,18:56:03
12940,33.764238,-84.356256,302.0,0.000,,2013/03/09,18:56:06
12941,33.764277,-84.356158,300.5,0.000,,2013/03/09,18:56:08
12942,33.764324,-84.356057,299.6,0.000,,2013/03/09,18:56:10
12943,33.764355,-84.355837,297.7,0.000,,2013/03/09,18:56:14
12944,33.764327,-84.355757,297.7,0.000,,2013/03/09,18:56:17
12945,33.764203,-84.355644,298.6,0.000,,2013/03/09,18:56:24
12946,33.764183,-84.355631,298.6,0.000,,2013/03/09,18:56:25
12947,33.764063,-84.355694,298.6,0.000,,2013/03/09,18:56:30
12948,33.764030,-84.355783,298.6,0.000,,2013/03/09,18:56:32
12949,33.763926,-84.356032,298.6,0.000,,2013/03/09,18:56:37
12950,33.763702,-84.356113,298.6,0.000,,2013/03/09,18:56:42
12951,33.763599,-84.356006,298.1,0.000,,2013/03/09,18:56:45
12952,33.763588,-84.355802,296.2,0.000,,2013/03/09,18:56:48
12953,33.763624,-84.355504,294.3,0.000,,2013/03/09,18:56:52
12954,33.763578,-84.355153,291.9,0.000,,2013/03/09,18:56:57
12955,33.763435,-84.354998,290.9,0.000,,2013/03/09,18:57:01
12956,33.763291,-84.354994,290.9,0.000,,2013/03/09,18:57:04
12957,33.763154,-84.355162,289.0,0.000,,2013/03/09,18:57:08
12958,33.763132,-84.355218,288.5,0.000,,2013/03/09,18:57:09
12959,33.763080,-84.355378,287.1,0.000,,2013/03/09,18:57:12
12960,33.763023,-84.355479,286.6,0.000,,2013/03/09,18:57:14
12961,33.762728,-84.355774,282.8,0.000,,2013/03/09,18:57:22
12962,33.762645,-84.355824,284.7,0.000,,2013/03/09,18:57:24
12963,33.762547,-84.355820,284.2,0.000,,2013/03/09,18:57:28
12964,33.762421,-84.355756,286.6,0.000,,2013/03/09,18:57:33
12965,33.762300,-84.355608,289.0,0.000,,2013/03/09,18:57:38
12966,33.762283,-84.355383,289.5,0.000,,2013/03/09,18:57:43
12967,33.762256,-84.355115,288.5,0.000,,2013/03/09,18:57:50
12968,33.762112,-84.355050,290.5,0.000,,2013/03/09,18:57:54
12969,33.762074,-84.355153,290.5,0.000,,2013/03/09,18:57:57
12970,33.762081,-84.355194,290.9,0.000,,2013/03/09,18:57:58
12971,33.762117,-84.355509,292.4,0.000,,2013/03/09,18:58:06
12972,33.762032,-84.355609,291.9,0.000,,2013/03/09,18:58:10
12973,33.761870,-84.355612,292.9,0.000,,2013/03/09,18:58:15
12974,33.761766,-84.355462,293.8,0.000,,2013/03/09,18:58:21
12975,33.761745,-84.355294,293.8,0.000,,2013/03/09,18:58:26
12976,33.761749,-84.355016,292.9,0.000,,2013/03/09,18:58:33
12977,33.761733,-84.354851,292.9,0.000,,2013/03/09,18:58:38
12978,33.761625,-84.354790,294.3,0.000,,2013/03/09,18:58:43
12979,33.761598,-84.354793,294.8,0.000,,2013/03/09,18:58:44
12980,33.761352,-84.354851,298.1,0.000,,2013/03/09,18:58:54
12981,33.761169,-84.354901,300.1,0.000,,2013/03/09,18:59:02
12982,33.761048,-84.354974,301.5,0.000,,2013/03/09,18:59:08
12983,33.760933,-84.354934,302.0,0.000,,2013/03/09,18:59:13
12984,33.760870,-84.354939,300.1,0.000,,2013/03/09,18:59:16
12985,33.760810,-84.354980,301.5,0.000,,2013/03/09,18:59:19
12986,33.760704,-84.355015,303.0,0.000,,2013/03/09,18:59:25
12987,33.760582,-84.355080,302.5,0.000,,2013/03/09,18:59:30
12988,33.760371,-84.355212,300.5,0.000,,2013/03/09,18:59:38
12989,33.760203,-84.355305,299.6,0.000,,2013/03/09,18:59:45
12990,33.760090,-84.355361,302.0,0.000,,2013/03/09,18:59:49
12991,33.759863,-84.355476,301.0,0.000,,2013/03/09,18:59:57
12992,33.759647,-84.355562,297.2,0.000,,2013/03/09,19:00:04
12993,33.759471,-84.355667,290.5,0.000,,2013/03/09,19:00:10
12994,33.759254,-84.355814,284.2,0.000,,2013/03/09,19:00:16
12995,33.759027,-84.356016,281.3,0.000,,2013/03/09,19:00:23
12996,33.758990,-84.356042,281.3,0.000,,2013/03/09,19:00:24
12997,33.758793,-84.356208,279.4,0.000,,2013/03/09,19:00:31
12998,33.758710,-84.356291,277.5,0.000,,2013/03/09,19:00:35
12999,33.758590,-84.356399,275.1,0.000,,2013/03/09,19:00:41
13000,33.758478,-84.356539,271.7,0.000,,2013/03/09,19:00:47
13001,33.758360,-84.356698,270.3,0.000,,2013/03/09,19:00:53
13002,33.758262,-84.356840,266.4,0.000,,2013/03/09,19:00:59
13003,33.758135,-84.356988,264.5,0.000,,2013/03/09,19:01:05
13004,33.757956,-84.357165,267.4,0.000,,2013/03/09,19:01:12
13005,33.757763,-84.357347,282.3,0.000,,2013/03/09,19:01:18
13006,33.757617,-84.357495,287.1,0.000,,2013/03/09,19:01:24
13007,33.757513,-84.357632,283.7,0.000,,2013/03/09,19:01:30
13008,33.757397,-84.357787,284.2,0.000,,2013/03/09,19:01:36
13009,33.757271,-84.357966,287.1,0.000,,2013/03/09,19:01:42
13010,33.757201,-84.358073,287.6,0.000,,2013/03/09,19:01:46
13011,33.757143,-84.358194,280.8,0.000,,2013/03/09,19:01:52
13012,33.757071,-84.358299,281.8,0.000,,2013/03/09,19:01:56
13013,33.756917,-84.358474,287.1,0.000,,2013/03/09,19:02:03
13014,33.756855,-84.358597,282.8,0.000,,2013/03/09,19:02:08
13015,33.756698,-84.358769,281.3,0.000,,2013/03/09,19:02:14
13016,33.756550,-84.358997,279.9,0.000,,2013/03/09,19:02:19
13017,33.756431,-84.359128,282.3,0.000,,2013/03/09,19:02:22
13018,33.756235,-84.359481,279.4,0.000,,2013/03/09,19:02:30
13019,33.756145,-84.359641,280.8,0.000,,2013/03/09,19:02:34
13020,33.756012,-84.359893,280.8,0.000,,2013/03/09,19:02:41
13021,33.755854,-84.360170,285.6,0.000,,2013/03/09,19:02:48
13022,33.755805,-84.360250,287.6,0.000,,2013/03/09,19:02:50
13023,33.755712,-84.360387,290.9,0.000,,2013/03/09,19:02:53
13024,33.755517,-84.360777,303.9,0.000,,2013/03/09,19:03:00
13025,33.755423,-84.361119,306.3,0.000,,2013/03/09,19:03:05
13026,33.755317,-84.361494,307.3,0.000,,2013/03/09,19:03:10
13027,33.755196,-84.362010,309.7,0.000,,2013/03/09,19:03:16
13028,33.755040,-84.362552,315.0,0.000,,2013/03/09,19:03:24
13029,33.754906,-84.363110,315.9,0.000,,2013/03/09,19:03:33
13030,33.754791,-84.363528,315.4,0.000,,2013/03/09,19:03:40
13031,33.754722,-84.363798,314.5,0.000,,2013/03/09,19:03:46
13032,33.754694,-84.363924,314.0,0.000,,2013/03/09,19:03:51
13033,33.754601,-84.364154,314.0,0.000,,2013/03/09,19:03:56
13034,33.754462,-84.364181,315.0,0.000,,2013/03/09,19:04:00
13035,33.754043,-84.364091,316.9,0.000,,2013/03/09,19:04:12
13036,33.753818,-84.364010,313.5,0.000,,2013/03/09,19:04:18
13037,33.753696,-84.363960,311.6,0.000,,2013/03/09,19:04:22
13038,33.753660,-84.363967,313.5,0.000,,2013/03/09,19:04:26
13039,33.753579,-84.363999,321.2,0.000,,2013/03/09,19:04:44
13040,33.753541,-84.363989,319.8,0.000,,2013/03/09,19:04:47
13041,33.753520,-84.363970,316.4,0.000,,2013/03/09,19:04:54
13042,33.753406,-84.363930,313.0,0.000,,2013/03/09,19:04:59
13043,33.753324,-84.363888,310.2,0.000,,2013/03/09,19:05:04
13044,33.753150,-84.363877,307.8,0.000,,2013/03/09,19:05:13
13045,33.751824,-84.363744,311.1,0.000,,2013/03/09,19:05:25
13046,33.751770,-84.363260,336.1,0.000,,2013/03/09,19:05:29
13047,33.751781,-84.363146,322.7,0.000,,2013/03/09,19:05:33
13048,33.751867,-84.363020,313.0,0.000,,2013/03/09,19:05:36
13049,33.751977,-84.362972,306.8,0.000,,2013/03/09,19:05:38
13050,33.752227,-84.362683,306.8,0.000,,2013/03/09,19:05:47
13051,33.752344,-84.362387,307.3,0.000,,2013/03/09,19:05:55
13052,33.752435,-84.362101,306.3,0.000,,2013/03/09,19:06:03
13053,33.752491,-84.361855,303.9,0.000,,2013/03/09,19:06:11
13054,33.752540,-84.361646,304.4,0.000,,2013/03/09,19:06:18
13055,33.752568,-84.361446,303.0,0.000,,2013/03/09,19:06:25
13056,33.752588,-84.361214,302.0,0.000,,2013/03/09,19:06:33
13057,33.752599,-84.360987,304.9,0.000,,2013/03/09,19:06:40
13058,33.752580,-84.360685,306.8,0.000,,2013/03/09,19:06:48
13059,33.752554,-84.360263,305.8,0.000,,2013/03/09,19:06:59
13060,33.752550,-84.359935,310.2,0.000,,2013/03/09,19:07:06
13061,33.752556,-84.359506,310.2,0.000,,2013/03/09,19:07:14
13062,33.752561,-84.359038,310.6,0.000,,2013/03/09,19:07:22
13063,33.752530,-84.358634,309.2,0.000,,2013/03/09,19:07:28
13064,33.752523,-84.358460,307.8,0.000,,2013/03/09,19:07:31
13065,33.752520,-84.357996,306.8,0.000,,2013/03/09,19:07:39
13066,33.752526,-84.357638,306.3,0.000,,2013/03/09,19:07:46
13067,33.752525,-84.357381,306.3,0.000,,2013/03/09,19:07:51
13068,33.752503,-84.357005,305.4,0.000,,2013/03/09,19:07:59
13069,33.752509,-84.356841,303.9,0.000,,2013/03/09,19:08:05
13070,33.752506,-84.356811,303.9,0.000,,2013/03/09,19:08:06
13071,33.752408,-84.356751,304.9,0.000,,2013/03/09,19:08:10
13072,33.752378,-84.356750,304.9,0.000,,2013/03/09,19:08:11
13073,33.752099,-84.356765,307.3,0.000,,2013/03/09,19:08:19
13074,33.751820,-84.356751,309.2,0.000,,2013/03/09,19:08:26
13075,33.751629,-84.356638,310.2,0.000,,2013/03/09,19:08:31
13076,33.751402,-84.356401,309.7,0.000,,2013/03/09,19:08:38
13077,33.751205,-84.356177,309.7,0.000,,2013/03/09,19:08:44
13078,33.750947,-84.355923,311.6,0.000,,2013/03/09,19:08:51
13079,33.750650,-84.355615,312.1,0.000,,2013/03/09,19:08:59
13080,33.750508,-84.355473,313.0,0.000,,2013/03/09,19:09:03
13081,33.750284,-84.355245,315.9,0.000,,2013/03/09,19:09:10
13082,33.750253,-84.355215,316.9,0.000,,2013/03/09,19:09:11
13083,33.750079,-84.354958,317.9,0.000,,2013/03/09,19:09:19
13084,33.750023,-84.354869,318.3,0.000,,2013/03/09,19:09:24
13085,33.749978,-84.354763,318.3,0.000,,2013/03/09,19:09:30
13086,33.749861,-84.354566,317.9,0.000,,2013/03/09,19:09:37
13087,33.749746,-84.354407,317.9,0.000,,2013/03/09,19:09:43
13088,33.749589,-84.354355,317.4,0.000,,2013/03/09,19:09:48
13089,33.749352,-84.354326,314.5,0.000,,2013/03/09,19:09:55
13090,33.749187,-84.354325,311.1,0.000,,2013/03/09,19:10:00
13091,33.748975,-84.354334,311.1,0.000,,2013/03/09,19:10:05
13092,33.748709,-84.354337,313.5,0.000,,2013/03/09,19:10:12
13093,33.748546,-84.354333,311.6,0.000,,2013/03/09,19:10:18
13094,33.748395,-84.354320,308.7,0.000,,2013/03/09,19:10:24
13095,33.748274,-84.354318,304.9,0.000,,2013/03/09,19:10:30
13096,33.748189,-84.354309,302.5,0.000,,2013/03/09,19:10:35
13097,33.748023,-84.354296,299.1,0.000,,2013/03/09,19:10:42
13098,33.747570,-84.354368,318.8,0.000,,2013/03/09,19:10:51
13099,33.747301,-84.354385,316.9,0.000,,2013/03/09,19:10:58
13100,33.747260,-84.354391,317.9,0.000,,2013/03/09,19:10:59
13101,33.746927,-84.354387,316.4,0.000,,2013/03/09,19:11:08
13102,33.746712,-84.354396,316.4,0.000,,2013/03/09,19:11:15
13103,33.746635,-84.354423,317.9,0.000,,2013/03/09,19:11:19
13104,33.746620,-84.354629,318.8,0.000,,2013/03/09,19:11:24
13105,33.746628,-84.355115,316.9,0.000,,2013/03/09,19:11:32
13106,33.746636,-84.355732,315.0,0.000,,2013/03/09,19:11:40
13107,33.746644,-84.356552,312.6,0.000,,2013/03/09,19:11:49
13108,33.746655,-84.357187,312.6,0.000,,2013/03/09,19:11:56
13109,33.746638,-84.357845,313.0,0.000,,2013/03/09,19:12:03
13110,33.746631,-84.358027,312.1,0.000,,2013/03/09,19:12:05
13111,33.746464,-84.358263,309.7,0.000,,2013/03/09,19:12:09
13112,33.746320,-84.358324,311.1,0.000,,2013/03/09,19:12:11
13113,33.745836,-84.358328,308.2,0.000,,2013/03/09,19:12:19
13114,33.745205,-84.358334,305.4,0.000,,2013/03/09,19:12:29
13115,33.744729,-84.358323,304.4,0.000,,2013/03/09,19:12:37
13116,33.744313,-84.358312,302.5,0.000,,2013/03/09,19:12:45
13117,33.743845,-84.358297,301.0,0.000,,2013/03/09,19:12:54
13118,33.743262,-84.358288,303.0,0.000,,2013/03/09,19:13:05
13119,33.742874,-84.358286,303.9,0.000,,2013/03/09,19:13:13
13120,33.742460,-84.358262,303.9,0.000,,2013/03/09,19:13:21
13121,33.741904,-84.358249,303.0,0.000,,2013/03/09,19:13:31
13122,33.741527,-84.358229,301.0,0.000,,2013/03/09,19:13:38
13123,33.741237,-84.358229,301.0,0.000,,2013/03/09,19:13:44
13124,33.740922,-84.358209,300.5,0.000,,2013/03/09,19:13:51
13125,33.740878,-84.358206,301.0,0.000,,2013/03/09,19:13:52
13126,33.740505,-84.358197,303.9,0.000,,2013/03/09,19:14:00
13127,33.740346,-84.358213,303.4,0.000,,2013/03/09,19:14:03
13128,33.740022,-84.358182,295.3,0.000,,2013/03/09,19:14:12
13129,33.739892,-84.358203,298.6,0.000,,2013/03/09,19:14:17
13130,33.739871,-84.358215,300.1,0.000,,2013/03/09,19:14:25
13131,33.739858,-84.358214,300.1,0.000,,2013/03/09,19:14:26
13132,33.739749,-84.358124,302.5,0.000,,2013/03/09,19:14:30
13133,33.739716,-84.357998,303.0,0.000,,2013/03/09,19:14:33
13134,33.739716,-84.357770,303.0,0.000,,2013/03/09,19:14:40
13135,33.739723,-84.357430,303.9,0.000,,2013/03/09,19:14:48
13136,33.739724,-84.357167,304.4,0.000,,2013/03/09,19:14:55
13137,33.739718,-84.357008,304.4,0.000,,2013/03/09,19:15:01
13138,33.739714,-84.356855,303.0,0.000,,2013/03/09,19:15:07
13139,33.739702,-84.356671,303.4,0.000,,2013/03/09,19:15:14
13140,33.739703,-84.356560,303.9,0.000,,2013/03/09,19:15:20
13141,33.739710,-84.356540,304.9,0.000,,2013/03/09,19:15:27
13142,33.739715,-84.356509,307.8,0.000,,2013/03/09,19:15:41
13143,33.739715,-84.356497,310.6,0.000,,2013/03/09,19:16:00
13144,33.739716,-84.356462,312.1,0.000,,2013/03/09,19:16:14
13145,33.739719,-84.356357,311.6,0.000,,2013/03/09,19:16:19
13146,33.739717,-84.356199,311.1,0.000,,2013/03/09,19:16:25
13147,33.739722,-84.356056,310.6,0.000,,2013/03/09,19:16:31
13148,33.739720,-84.355904,309.7,0.000,,2013/03/09,19:16:37
13149,33.739721,-84.355749,310.2,0.000,,2013/03/09,19:16:44
13150,33.739723,-84.355550,313.0,0.000,,2013/03/09,19:16:53
13151,33.739717,-84.355378,313.0,0.000,,2013/03/09,19:16:59
13152,33.739726,-84.355205,312.6,0.000,,2013/03/09,19:17:05
13153,33.739759,-84.354928,311.6,0.000,,2013/03/09,19:17:13
13154,33.739808,-84.354643,310.6,0.000,,2013/03/09,19:17:20
13155,33.739847,-84.354388,309.7,0.000,,2013/03/09,19:17:25
13156,33.739848,-84.354328,309.7,0.000,,2013/03/09,19:17:26
13157,33.739942,-84.353859,309.2,0.000,,2013/03/09,19:17:33
13158,33.740087,-84.353234,308.7,0.000,,2013/03/09,19:17:42
13159,33.740184,-84.352821,308.7,0.000,,2013/03/09,19:17:48
13160,33.740238,-84.352500,308.2,0.000,,2013/03/09,19:17:53
13161,33.740298,-84.352192,308.7,0.000,,2013/03/09,19:17:58
13162,33.740342,-84.351945,308.7,0.000,,2013/03/09,19:18:03
13163,33.740383,-84.351620,309.2,0.000,,2013/03/09,19:18:11
13164,33.740402,-84.351217,310.6,0.000,,2013/03/09,19:18:21
13165,33.740390,-84.350886,310.6,0.000,,2013/03/09,19:18:29
13166,33.740378,-84.350554,311.1,0.000,,2013/03/09,19:18:36
13167,33.740362,-84.350160,311.1,0.000,,2013/03/09,19:18:44
13168,33.740346,-84.349736,310.6,0.000,,2013/03/09,19:18:52
13169,33.740333,-84.349441,310.6,0.000,,2013/03/09,19:18:59
13170,33.740312,-84.349395,314.0,0.000,,2013/03/09,19:19:13
13171,33.740282,-84.349301,320.3,0.000,,2013/03/09,19:19:42
13172,33.740274,-84.349234,326.0,0.000,,2013/03/09,19:20:16
13173,33.740211,-84.349154,324.1,0.000,,2013/03/09,19:20:20
13174,33.740134,-84.349014,322.7,0.000,,2013/03/09,19:20:24
13175,33.740155,-84.348751,320.7,0.000,,2013/03/09,19:20:29
13176,33.740167,-84.348382,317.9,0.000,,2013/03/09,19:20:36
13177,33.740177,-84.348122,316.9,0.000,,2013/03/09,19:20:41
13178,33.740198,-84.347782,315.0,0.000,,2013/03/09,19:20:49
13179,33.740201,-84.347345,313.0,0.000,,2013/03/09,19:20:59
13180,33.740190,-84.346957,310.6,0.000,,2013/03/09,19:21:08
13181,33.740189,-84.346919,310.2,0.000,,2013/03/09,19:21:09
13182,33.740086,-84.346866,307.8,0.000,,2013/03/09,19:21:14
13183,33.739950,-84.346850,303.0,0.000,,2013/03/09,19:21:19
13184,33.739914,-84.346823,303.4,0.000,,2013/03/09,19:21:23
